seccional,direccion,localidad,codigo_postal,direccion_limpia,direccion_completa_limpia,location,lat,lon
LA MATANZA Nº 09,MONSEÑOR MARCON NRO:3219,SAN JUSTO,1754,MONSEÑOR MARCON,"MONSEÑOR MARCON, SAN JUSTO, Argentina","Monseñor José Marcón, San Justo, Partido de La Matanza, Buenos Aires, 1754, Argentina",-34.6760843,-58.5654899
LA MATANZA Nº 10,AV. PTE. PERON NRO:3254,SAN JUSTO,1754,AVENIDA. PRESIDENTE. PERON,"AVENIDA. PRESIDENTE. PERON, SAN JUSTO, Argentina","Avenida Presidente Juan Domingo Perón, San Justo, Partido de La Matanza, Buenos Aires, 1754, Argentina",-34.6735146,-58.5605442
LOMAS DE ZAMORA Nº 7,FELIX DE AZARA NRO:344,LOMAS DE ZAMORA,1832,FELIX DE AZARA,"FELIX DE AZARA, LOMAS DE ZAMORA, Argentina","Félix de Azara, Lomas de Zamora, Partido de Lomas de Zamora, Buenos Aires, B1828, Argentina",-34.7505341,-58.4034572
LA MATANZA Nº 03,MÑOR. MARCÓN NRO:3240 PISO:1,SAN JUSTO,1754,MONSEÑOR. MARCÓN,"MONSEÑOR. MARCÓN, SAN JUSTO, Argentina","Monseñor José Marcón, San Justo, Partido de La Matanza, Buenos Aires, 1754, Argentina",-34.6760843,-58.5654899
LA MATANZA Nº 04,OCAMPO NRO:3087 PISO:1,LA MATANZA,1754,OCAMPO,"OCAMPO, LA MATANZA, Argentina","General Ocampo, San Justo, Partido de La Matanza, Buenos Aires, B1753, Argentina",-34.6677382,-58.5700306
LA MATANZA Nº 05,HIPOLITO IRIGOYEN NRO:2217 PISO:1,LA MATANZA,1754,HIPOLITO IRIGOYEN,"HIPOLITO IRIGOYEN, LA MATANZA, Argentina",,,
MALVINAS ARGENTINAS Nº 3,25 DE MAYO NRO:2589,LOS POLVORINES,1613,DE MAYO,"DE MAYO, LOS POLVORINES, Argentina","25 de Mayo, Los Polvorines, Partido de Malvinas Argentinas, Buenos Aires, 1515, Argentina",-34.5167493,-58.7148937
LA MATANZA Nº 13,HIPOLITO YRIGOYEN NRO:2569 PISO:1,SAN JUSTO,1754,HIPOLITO YRIGOYEN,"HIPOLITO YRIGOYEN, SAN JUSTO, Argentina","Hipólito Yrigoyen, San Justo, Partido de La Matanza, Buenos Aires, 1754, Argentina",-34.6759697,-58.558148
ESTEBAN ECHEVERRIA Nº 3,GRAL MARTIN RODRIGUEZ NRO:454,ESTEBAN ECHEVERRIA,1842,GENERAL MARTIN RODRIGUEZ,"GENERAL MARTIN RODRIGUEZ, ESTEBAN ECHEVERRIA, Argentina",,,
LA MATANZA Nº 07,ALMAFUERTE NRO:3588,LA MATANZA,1754,ALMAFUERTE,"ALMAFUERTE, LA MATANZA, Argentina","Almafuerte, San Justo, Partido de La Matanza, Buenos Aires, B1754CNW, Argentina",-34.6980313,-58.5532665
ADROGUE Nº 5,SOMELLERA NRO:655 PISO:1Y2,ADROGUE,1846,SOMELLERA PISO:1Y2,"SOMELLERA PISO:1Y2, ADROGUE, Argentina",,,
SAN VICENTE,LAVALLE ESQ. SARG CABRAL NRO:278,SAN VICENTE,1865,LAVALLE ESQ. SARG CABRAL,"LAVALLE ESQ. SARG CABRAL, SAN VICENTE, Argentina",,,
MORENO Nº 4,ESPAÑA NRO:676,MORENO,1744,ESPAÑA,"ESPAÑA, MORENO, Argentina","España, Rancho Grande, Moreno Centro Norte, Moreno, Partido de Moreno, Buenos Aires, B1744, Argentina",-34.6427884,-58.7873059
LA MATANZA Nº 08,OCAMPO NRO:3103 PISO:1 DTO/OF:1-2,LA MATANZA,1754,OCAMPO DEPARTAMENTO/:-,"OCAMPO DEPARTAMENTO/:-, LA MATANZA, Argentina",,,
ADROGUE Nº 4,SPIRO (2° CUERPO) NRO:1057 PISO:1,ADROGUE,1846,SPIRO (° CUERPO),"SPIRO (° CUERPO), ADROGUE, Argentina",,,
MERLO Nº 1,JUNCAL NRO:357,MERLO,1722,JUNCAL,"JUNCAL, MERLO, Argentina","Juncal, Merlo, Partido de Merlo, Buenos Aires, B1722ERH, Argentina",-34.6697253,-58.7265634
JOSE C. PAZ Nº 2,ZUVIRIA NRO:4891,JOSE. C PAZ,1665,ZUVIRIA,"ZUVIRIA, JOSE. C PAZ, Argentina","Zuviría, Suizo, Piñero, José C. Paz, Partido de José C. Paz, Buenos Aires, B1665, Argentina",-34.5299128,-58.7401857
MERLO Nº 2,LIBERTAD NRO:680,MERLO,1722,LIBERTAD,"LIBERTAD, MERLO, Argentina","Libertad, Lago del Bosque, Merlo, Partido de Merlo, Buenos Aires, B1722ERH, Argentina",-34.6708553,-58.7272346
JOSE C. PAZ Nº 1,AVDA. JOSE ALTUBE NRO:2230,JOSE C. PAZ,1665,AVDA. JOSE ALTUBE,"AVDA. JOSE ALTUBE, JOSE C. PAZ, Argentina","Avenida José Altube, José C. Paz, Partido de José C. Paz, Buenos Aires, B1665, Argentina",-34.5374226,-58.7785049
LA MATANZA Nº 12,PERU NRO:2533 PISO:1,SAN JUSTO,1754,PERU,"PERU, SAN JUSTO, Argentina","Perú, San Justo, Partido de La Matanza, Buenos Aires, 1765, Argentina",-34.6829093,-58.5638124
MORENO Nº 3,EVITA (EX PAGANO) NRO:2838,MORENO,1744,EVITA (EX PAGANO),"EVITA (EX PAGANO), MORENO, Argentina",,,
ADROGUE Nº 3,AV. HIPOLITO YRIGOYEN NRO:12930,ADROGUE,1846,AVENIDA. HIPOLITO YRIGOYEN,"AVENIDA. HIPOLITO YRIGOYEN, ADROGUE, Argentina","Avenida Hipólito Yrigoyen, Burzaco, Partido de Almirante Brown, Buenos Aires, B1852FZB, Argentina",-34.8250896,-58.397007
LA MATANZA Nº 01,VILLEGAS NRO:2284,SAN JUSTO,1754,VILLEGAS,"VILLEGAS, SAN JUSTO, Argentina","Villegas, San Justo, Partido de La Matanza, Buenos Aires, 1751, Argentina",-34.7035706,-58.5574723
LOMAS DE ZAMORA Nº 3,PORTELA NRO:542,LOMAS DE ZAMORA,1832,PORTELA,"PORTELA, LOMAS DE ZAMORA, Argentina","Francisco Portela, Lomas de Zamora, Partido de Lomas de Zamora, Buenos Aires, B1828HGV, Argentina",-34.7522049,-58.4339108
LA MATANZA Nº 06,HIPOLITO YRIGOYEN NRO:2569 PISO:2,SAN JUSTO,1754,HIPOLITO YRIGOYEN,"HIPOLITO YRIGOYEN, SAN JUSTO, Argentina","Hipólito Yrigoyen, San Justo, Partido de La Matanza, Buenos Aires, 1754, Argentina",-34.6759697,-58.558148
LA MATANZA Nº 14,AV. PERON NRO:3566,SAN JUSTO,1754,AVENIDA. PERON,"AVENIDA. PERON, SAN JUSTO, Argentina","Avenida Presidente Juan Domingo Perón, Villa Sahores, San Justo, Partido de La Matanza, Buenos Aires, 1754, Argentina",-34.683518,-58.5472108
MORON Nº 02,BARTOLOME MITRE NRO:243,MORON,1708,BARTOLOME MITRE,"BARTOLOME MITRE, MORON, Argentina","Bartolomé Mitre, Viejo Urbano, Morón, Partido de Morón, Buenos Aires, B1708DYO, Argentina",-34.6528785,-58.6227065
MORON Nº 01,AV. RIVADAVIA NRO:17486,MORON,1708,AVENIDA. RIVADAVIA,"AVENIDA. RIVADAVIA, MORON, Argentina","Avenida Rivadavia, Morón, Partido de Morón, Buenos Aires, B1708KCH, Argentina",-34.6492786,-58.6167581
ESTEBAN ECHEVERRIA Nº 2,GRAL.MARTIN RODRIGUEZ NRO:454,MONTE GRANDE,1842,GENERALMARTIN RODRIGUEZ,"GENERALMARTIN RODRIGUEZ, MONTE GRANDE, Argentina",,,
SAN MIGUEL Nº 2,MAESTRO D´ELIA NRO:766 PISO:1,SAN MIGUEL,1663,MAESTRO D´ELIA,"MAESTRO D´ELIA, SAN MIGUEL, Argentina","Maestro Ángel D'Elía, San Miguel, Partido de San Miguel, Buenos Aires, B1663, Argentina",-34.5402978,-58.7112587
LOMAS DE ZAMORA Nº 1,PORTELA NRO:485,LOMAS DE ZAMORA,1832,PORTELA,"PORTELA, LOMAS DE ZAMORA, Argentina","Francisco Portela, Lomas de Zamora, Partido de Lomas de Zamora, Buenos Aires, B1828HGV, Argentina",-34.7522049,-58.4339108
FLORENCIO VARELA Nº 3,MONTEAGUDO NRO:3040 PISO:PB,FLORENCIO VARELA,1888,MONTEAGUDO PISO:PB,"MONTEAGUDO PISO:PB, FLORENCIO VARELA, Argentina",,,
ESTEBAN ECHEVERRIA Nº 1,ALEM NRO:174 PISO:2 DTO/OF:F,MONTE GRANDE,1842,ALEM DEPARTAMENTO/:F,"ALEM DEPARTAMENTO/:F, MONTE GRANDE, Argentina",,,
MALVINAS ARGENTINAS Nº 2 (EX. SAN MIGUEL NRO. 5),SAN MARTIN NRO:3184,LOS POLVORINES,1613,SAN MARTIN,"SAN MARTIN, LOS POLVORINES, Argentina","San Martín, Los Polvorines, Partido de Malvinas Argentinas, Buenos Aires, B1613, Argentina",-34.5061879,-58.7043155
LA MATANZA Nº 15,HIPOLITO YRIGOYEN NRO:2569 PISO:4,SAN JUSTO,1754,HIPOLITO YRIGOYEN,"HIPOLITO YRIGOYEN, SAN JUSTO, Argentina","Hipólito Yrigoyen, San Justo, Partido de La Matanza, Buenos Aires, 1754, Argentina",-34.6759697,-58.558148
LA PLATA Nº 01,CALLE 16 E/59 Y 60 NRO:1323,LA PLATA,1900,CALLE,"CALLE, LA PLATA, Argentina",,,
MORON Nº 07,AV. RIVADAVIA NRO:15584,HAEDO,1706,AVENIDA. RIVADAVIA,"AVENIDA. RIVADAVIA, HAEDO, Argentina","Avenida Rivadavia, Haedo, Partido de Morón, Buenos Aires, B1706CGO, Argentina",-34.6474776,-58.6051858
MORON Nº 04 (EX. MORON Nº 9),BARTOLOME MITRE NRO:2302,CASTELAR,1712,BARTOLOME MITRE,"BARTOLOME MITRE, CASTELAR, Argentina","Bartolomé Mitre, Castelar, Partido de Morón, Buenos Aires, B1712, Argentina",-34.6528882,-58.6337756
SAN MIGUEL Nº 3,MAESTRO ANGEL D´ELIA NRO:766,SAN MIGUEL,1664,MAESTRO ANGEL D´ELIA,"MAESTRO ANGEL D´ELIA, SAN MIGUEL, Argentina","Maestro Ángel D'Elía, San Miguel, Partido de San Miguel, Buenos Aires, B1663, Argentina",-34.5402978,-58.7112587
SAN MIGUEL Nº 1,MAESTRO ANGEL D´ELIA NRO:766,SAN MIGUEL,1663,MAESTRO ANGEL D´ELIA,"MAESTRO ANGEL D´ELIA, SAN MIGUEL, Argentina","Maestro Ángel D'Elía, San Miguel, Partido de San Miguel, Buenos Aires, B1663, Argentina",-34.5402978,-58.7112587
MORON Nº 03,SALTA NRO:216 PISO:1,MORON,B1708JOF,SALTA,"SALTA, MORON, Argentina","Salta, Morón, Partido de Morón, Buenos Aires, B1708KCH, Argentina",-34.6449937,-58.621014
LA MATANZA Nº 02,BERUTI NRO:261,RAMOS MEJIA,1704,BERUTI,"BERUTI, RAMOS MEJIA, Argentina",,,
ITUZAINGO Nº 1 (EX. MORON Nº 8),ALVEAR NRO:1135,ITUZAINGO,1714,ALVEAR,"ALVEAR, ITUZAINGO, Argentina","Plaza Parque Alvear, Villa Reichembach, Ituzaingó, Partido de Ituzaingó, Buenos Aires, Argentina",-34.6430384,-58.6893529
QUILMES Nº 6,AV.12 DE OCTUBRE NRO:1345,QUILMES OESTE,1879,AVENIDA12 DE OCTUBRE,"AVENIDA12 DE OCTUBRE, QUILMES OESTE, Argentina",,,
TRES DE FEBRERO Nº 5,IBARROLA NRO:31 PISO:PA,CIUDADELA,1702,IBARROLA PISO:PA,"IBARROLA PISO:PA, CIUDADELA, Argentina",,,
LA MATANZA Nº 11,HIPOLITO YRIGOYEN NRO:2569 PISO:3,SAN JUSTO,1754,HIPOLITO YRIGOYEN,"HIPOLITO YRIGOYEN, SAN JUSTO, Argentina","Hipólito Yrigoyen, San Justo, Partido de La Matanza, Buenos Aires, 1754, Argentina",-34.6759697,-58.558148
CAPITAL FEDERAL Nº 010,SAN JOSE NRO:352 PISO:1 DTO/OF:B,CABA,1076,SAN JOSE DEPARTAMENTO/:B,"SAN JOSE DEPARTAMENTO/:B, CABA, Argentina",,,
ITUZAINGÓ Nº 2 (EX. MORÓN Nº 11),OLAZABAL NRO:963,ITUZAINGÓ,1712,OLAZABAL,"OLAZABAL, ITUZAINGÓ, Argentina","Olazábal, Los Portones, Ituzaingó, Partido de Ituzaingó, Buenos Aires, B1714LVH, Argentina",-34.6553274,-58.6625745
QUILMES Nº 9,SAN JUAN ESQ.VTE. LOPEZ NRO:287,QUILMES,1878,SAN JUAN ESQ.VTE. LOPEZ,"SAN JUAN ESQ.VTE. LOPEZ, QUILMES, Argentina",,,
MALVINAS ARGENTINAS Nº 1 (EX. SAN MIGUEL NRO. 4),ING. HUERGO NRO:3239,LOS POLVORINES,1613,ING. HUERGO,"ING. HUERGO, LOS POLVORINES, Argentina",,,
TRES DE FEBRERO Nº 2,AV. RIVADAVIA NRO:11942 PISO:1,CIUDADELA,1702,AVENIDA. RIVADAVIA,"AVENIDA. RIVADAVIA, CIUDADELA, Argentina","Avenida Rivadavia, Lomas del Millón, Ramos Mejía, Partido de La Matanza, Buenos Aires, B1704EKI, Argentina",-34.6399685,-58.549286
QUILMES Nº 5 (EX 9),12 DE OCTUBRE NRO:430,QUILMES,1878,DE OCTUBRE,"DE OCTUBRE, QUILMES, Argentina","Avenida 12 de Octubre, Quilmes Oeste, Quilmes, Partido de Quilmes, Buenos Aires, 1779, Argentina",-34.7465924,-58.298003
TRES DE FEBRERO Nº 4,AV.GAONA NRO:4147,CIUDADELA,1702,AVENIDAGAONA,"AVENIDAGAONA, CIUDADELA, Argentina",,,
TRES DE FEBRERO Nº 1,AV. RIVADAVIA NRO:11958,CIUDADELA,1702,AVENIDA. RIVADAVIA,"AVENIDA. RIVADAVIA, CIUDADELA, Argentina","Avenida Rivadavia, Lomas del Millón, Ramos Mejía, Partido de La Matanza, Buenos Aires, B1704EKI, Argentina",-34.6399685,-58.549286
FLORENCIO VARELA Nº 2,PRINGLES NRO:189 PISO:1,FLORENCIO VARELA,1888,PRINGLES,"PRINGLES, FLORENCIO VARELA, Argentina","Coronel Pringles, Centro, Florencio Varela, Partido de Florencio Varela, Buenos Aires, B1888, Argentina",-34.8059409,-58.270132
MORENO Nº 2,ESPAÑA NRO:457,MORENO,1744,ESPAÑA,"ESPAÑA, MORENO, Argentina","España, Rancho Grande, Moreno Centro Norte, Moreno, Partido de Moreno, Buenos Aires, B1744, Argentina",-34.6427884,-58.7873059
"TRES DE FEBRERO Nº 3, AV RIVADAVIA NRO",11942 PISO:2,CIUDADELA,1702,,", CIUDADELA, Argentina","Ciudadela, 201 - Avenida Maipú, Villa Weigel, Ciudadela, Partido de Tres de Febrero, Buenos Aires, B1702CHT, Argentina",-34.6399288,-58.5410771
LOMAS DE ZAMORA Nº 6,AZARA NRO:460,LOMAS DE ZAMORA,1832,AZARA,"AZARA, LOMAS DE ZAMORA, Argentina","Félix de Azara, Lomas de Zamora, Partido de Lomas de Zamora, Buenos Aires, B1828, Argentina",-34.7505341,-58.4034572
TRES DE FEBRERO Nº 6,IBARROLA NRO:31 PISO:PB,CIUDADELA (TRES DE FEBRERO),1702,IBARROLA PISO:PB,"IBARROLA PISO:PB, CIUDADELA (TRES DE FEBRERO), Argentina",,,
FLORENCIO VARELA Nº 1,MONTEAGUDO NRO:354 PISO: DTO/OF:28,FLORENCIO VARELA,1888,MONTEAGUDO PISO: DEPARTAMENTO/:,"MONTEAGUDO PISO: DEPARTAMENTO/:, FLORENCIO VARELA, Argentina",,,
CORDOBA Nº 03,AV. GRAL. PAZ NRO:323 PISO:5 DTO/OF:CTR,CORDOBA,5000,AVENIDA. GENERAL. PAZ DEPARTAMENTO/:CTR,"AVENIDA. GENERAL. PAZ DEPARTAMENTO/:CTR, CORDOBA, Argentina",,,
HURLINGHAM Nº 2 (EX. MORON Nº 10),SUIPACHA NRO:719,HAEDO,1706,SUIPACHA,"SUIPACHA, HAEDO, Argentina","Suipacha, Haedo, Partido de Morón, Buenos Aires, 1753, Argentina",-34.6527438,-58.5909324
LANUS Nº 9,29 DE SEPTIEMBRE NRO:1792 PISO:1,LANUS,1824,DE SEPTIEMBRE,"DE SEPTIEMBRE, LANUS, Argentina","20 de Septiembre, Lanús Centro Oeste, Lanús Oeste, Partido de Lanús, Buenos Aires, 1824, Argentina",-34.7036083,-58.3991006
MORENO Nº 5,BELGRANO NRO:45,MORENO,B1744AEA,BELGRANO,"BELGRANO, MORENO, Argentina","Belgrano, General Manuel Belgrano, Moreno Centro sur, Moreno Centro Norte, Moreno, Partido de Moreno, Buenos Aires, B1744, Argentina",-34.647779,-58.7876966
MERLO Nº 4,AV. RICARDO BALBIN NRO:948 PISO:PB,MERLO,B1722MZC,AVENIDA. RICARDO BALBIN PISO:PB,"AVENIDA. RICARDO BALBIN PISO:PB, MERLO, Argentina",,,
JOSE C. PAZ Nº 3,HIPOLITO YRIGOYEN NRO:1469,JOSE C PAZ,1665,HIPOLITO YRIGOYEN,"HIPOLITO YRIGOYEN, JOSE C PAZ, Argentina","Avenida Presidente Hipólito Yrigoyen, José C. Paz, Partido de José C. Paz, Buenos Aires, B1665, Argentina",-34.5266753,-58.7696486
HURLINGHAM Nº 1 (EX. MORON Nº 4),SARGENTO SALAZAR NRO:1441,HURLINGHAM,1686,SARGENTO SALAZAR,"SARGENTO SALAZAR, HURLINGHAM, Argentina",,,
LOMAS DE ZAMORA Nº 5,COLOMBRES NRO:1165,LOMAS DE ZAMORA,1832,COLOMBRES,"COLOMBRES, LOMAS DE ZAMORA, Argentina","José Eusebio Colombres, Lomitas, Lomas de Zamora, Partido de Lomas de Zamora, Buenos Aires, B1832, Argentina",-34.7638265,-58.4044162
CAPITAL FEDERAL Nº 038,RODRIGUEZ PEÑA NRO:40 PISO:PB DTO/OF:4,CABA,1020,RODRIGUEZ PEÑA PISO:PB DEPARTAMENTO/:,"RODRIGUEZ PEÑA PISO:PB DEPARTAMENTO/:, CABA, Argentina",,,
QUILMES Nº 1,QUINTANA NRO:616,QUILMES,1878,QUINTANA,"QUINTANA, QUILMES, Argentina","Manuel Quintana, Quilmes Este, Quilmes, Partido de Quilmes, Buenos Aires, 1877, Argentina",-34.7211255,-58.2711139
LANUS Nº 2,PTE. ARTURO ILLIA NRO:1054,LANUS,1824,PRESIDENTE. ARTURO ILLIA,"PRESIDENTE. ARTURO ILLIA, LANUS, Argentina","Presidente Arturo Umberto Illia, Villa Obrera, Lanús Este, Partido de Lanús, Buenos Aires, 1825, Argentina",-34.7150627,-58.3730233
LANUS Nº 1,ONCATIVO NRO:2178 PISO:PB,LANUS,1824,ONCATIVO PISO:PB,"ONCATIVO PISO:PB, LANUS, Argentina",,,
ESTEBAN ECHEVERRIA Nº 4,DARDO ROCHA NRO:113/5,MONTE GRANDE,1842,DARDO ROCHA /,"DARDO ROCHA /, MONTE GRANDE, Argentina","Avenida Dardo Rocha, Monte Grande, Partido de Esteban Echeverría, Buenos Aires, B1842AHV, Argentina",-34.8215047,-58.4802277
PILAR Nº 4,TUCUMAN NRO:501 PISO:2 DTO/OF:201,PILAR,1629,TUCUMAN DEPARTAMENTO/:,"TUCUMAN DEPARTAMENTO/:, PILAR, Argentina","Tucumán, Pilar, Municipio de Pilar, Pedanía Pilar, Departamento Río Segundo, Córdoba, X5972, Argentina",-31.6802232,-63.8768824
QUILMES Nº 2,MORENO NRO:460,QUILMES,1878,MORENO,"MORENO, QUILMES, Argentina","Moreno, Quilmes Este, Quilmes, Partido de Quilmes, Buenos Aires, 1882, Argentina",-34.7407029,-58.2436686
CORDOBA Nº 11,URQUIZA NRO:1245,CORDOBA,5000,URQUIZA,"URQUIZA, CORDOBA, Argentina","Urquiza, Córdoba, Municipio de Córdoba, Pedanía Capital, Departamento Capital, Córdoba, X5000, Argentina",-31.4376532,-64.148323
AVELLANEDA Nº 1,AV. MITRE NRO:2058,AVELLANEDA,C1870BUI,AVENIDA. MITRE,"AVENIDA. MITRE, AVELLANEDA, Argentina","Avenida Mitre, 12 de Octubre, Crucecita, Avellaneda, Partido de Avellaneda, Buenos Aires, 1870, Argentina",-34.6641258,-58.3610621
MORON Nº 05,MUNILLA NRO:981,MORON,1708,MUNILLA,"MUNILLA, MORON, Argentina","General Eduardo Munilla, Morón, Partido de Morón, Buenos Aires, B1708KCH, Argentina",-34.6445249,-58.6203801
LANUS Nº 3,AMANCIO ALCORTA NRO:143,LANUS,1824,AMANCIO ALCORTA,"AMANCIO ALCORTA, LANUS, Argentina","Amancio Alcorta, Lanús Centro Oeste, Lanús Oeste, Partido de Lanús, Buenos Aires, 1824, Argentina",-34.7003845,-58.3956334
LANUS Nº 4,GOBERNADOR IRIGOYEN NRO:334,LANUS,1824,GOBERNADOR IRIGOYEN,"GOBERNADOR IRIGOYEN, LANUS, Argentina","Gobernador Irigoyen, Lanús Centro Oeste, Lanús Oeste, Partido de Lanús, Buenos Aires, 1824, Argentina",-34.7057679,-58.3969404
PILAR Nº 3,TUCUMAN NRO:501 PISO:1 DTO/OF:115,PILAR,1629,TUCUMAN DEPARTAMENTO/:,"TUCUMAN DEPARTAMENTO/:, PILAR, Argentina","Tucumán, Pilar, Municipio de Pilar, Pedanía Pilar, Departamento Río Segundo, Córdoba, X5972, Argentina",-31.6802232,-63.8768824
AVELLANEDA Nº 6,COMANDANTE CRAIG NRO:26,SARANDI,1872,COMANDANTE CRAIG,"COMANDANTE CRAIG, SARANDI, Argentina","Comandante Craig, La Saladita, Villa Cristóbal Colón, Sarandí, Partido de Avellaneda, Buenos Aires, 1872, Argentina",-34.6774734,-58.3451777
ADROGUE Nº 2,SPIRO NRO:1018,ADROGUE,1846,SPIRO,"SPIRO, ADROGUE, Argentina","Samuel Miguel Spiro, Adrogué, Partido de Almirante Brown, Buenos Aires, B1846AAQ, Argentina",-34.8055817,-58.4025686
"SAN MARTIN Nº 8, 	SAN LORENZO NRO",2631,SAN MARTIN,1650,,", SAN MARTIN, Argentina","General San Martín, Partido de General San Martín, Buenos Aires, Argentina",-34.5771577,-58.5377237
SAN MARTIN Nº 7,SAN LORENZO NRO:2682,SAN MARTIN,1650,SAN LORENZO,"SAN LORENZO, SAN MARTIN, Argentina","San Lorenzo, Bajo San Martin, San Pedro de Jujuy, Municipio de San Pedro de Jujuy, Departamento San Pedro, Jujuy, 4500, Argentina",-24.2299574,-64.87379
MORON Nº 06,GRAL. BARTOLOME MITRE NRO:1119 PISO:PB,MORON,1706,GENERAL. BARTOLOME MITRE PISO:PB,"GENERAL. BARTOLOME MITRE PISO:PB, MORON, Argentina",,,
QUILMES Nº 8,AVDA. A BARANDA NRO:126,QUILMES,1878,AVDA. A BARANDA,"AVDA. A BARANDA, QUILMES, Argentina",,,
CAPITAL FEDERAL Nº 080,TALCAHUANO NRO:750 PISO:5,CABA,1037,TALCAHUANO,"TALCAHUANO, CABA, Argentina","Talcahuano, Retiro, Buenos Aires, Comuna 1, Ciudad Autónoma de Buenos Aires, C1058AAS, Argentina",-34.5969229,-58.385673
HURLINGHAM Nº 3,AV. JULIO ARGENTINO ROCA NRO:1755,HURLINGHAM,1686,AVENIDA. JULIO ARGENTINO ROCA,"AVENIDA. JULIO ARGENTINO ROCA, HURLINGHAM, Argentina","Avenida Julio Argentino Roca, Hurlingham, Partido de Hurlingham, Buenos Aires, B1686, Argentina",-34.5924289,-58.6238696
ADROGUE Nº 1,SPIRO NRO:1018,ADROGUE,1846,SPIRO,"SPIRO, ADROGUE, Argentina","Samuel Miguel Spiro, Adrogué, Partido de Almirante Brown, Buenos Aires, B1846AAQ, Argentina",-34.8055817,-58.4025686
CORDOBA Nº 22,AV. FUERZA AEREA NRO:1919 PISO: DTO/OF:2,CORDOBA,5000,AVENIDA. FUERZA AEREA PISO: DEPARTAMENTO/:,"AVENIDA. FUERZA AEREA PISO: DEPARTAMENTO/:, CORDOBA, Argentina",,,
EZEIZA Nº 2,FARIÑA NRO:123,TRISTAN SUAREZ,1806,FARIÑA,"FARIÑA, TRISTAN SUAREZ, Argentina","Luis Farina, Tristán Suárez, Partido de Ezeiza, Buenos Aires, B1803HAA, Argentina",-34.9126511,-58.5258606
CAPITAL FEDERAL Nº 088,PTE.JUAN D. PERON NRO:1615 PISO:2 DTO/OF:22,CABA,1037,PRESIDENTEJUAN D. PERON DEPARTAMENTO/:,"PRESIDENTEJUAN D. PERON DEPARTAMENTO/:, CABA, Argentina",,,
MERLO Nº 5,SUIPACHA 898 (ESQ. JUJUY) NRO:,MERLO,B1722EVM,SUIPACHA (ESQ. JUJUY),"SUIPACHA (ESQ. JUJUY), MERLO, Argentina",,,
ADROGUE Nº 6,CERRETI NRO:812,ADROGUE,1846,CERRETI,"CERRETI, ADROGUE, Argentina",,,
LANUS Nº 10,SITIO DE MONTEVIDEO NRO:59,LANUS,B1824KCA,SITIO DE MONTEVIDEO,"SITIO DE MONTEVIDEO, LANUS, Argentina","Sitio de Montevideo, Lanús Centro Oeste, Lanús Oeste, Partido de Lanús, Buenos Aires, B1824, Argentina",-34.7054098,-58.3909071
AVELLANEDA Nº 2,AV. MITRE NRO:351 PISO:2 DTO/OF:208,AVELLANEDA,1870,AVENIDA. MITRE DEPARTAMENTO/:,"AVENIDA. MITRE DEPARTAMENTO/:, AVELLANEDA, Argentina",,,
LOMAS DE ZAMORA Nº 9,BOEDO NRO:139,LOMAS DE ZAMORA,1832,BOEDO,"BOEDO, LOMAS DE ZAMORA, Argentina","Mariano Boedo, Lomitas, Lomas de Zamora, Partido de Lomas de Zamora, Buenos Aires, B1832AHQ, Argentina",-34.7597904,-58.3978462
QUILMES Nº 7,ENTRE RIOS NRO:674,QUILMES,1878,ENTRE RIOS,"ENTRE RIOS, QUILMES, Argentina","Entre Ríos, Centro, Quilmes Este, Quilmes, Partido de Quilmes, Buenos Aires, B1878, Argentina",-34.7250622,-58.2629778
CORDOBA Nº 21,MÑOR PABLO CABRERA NRO:2108,CORDOBA,5000,MONSEÑOR PABLO CABRERA,"MONSEÑOR PABLO CABRERA, CORDOBA, Argentina","Monseñor Pablo Cabrera, Marqués de Sobremonte Anexo, Marqués de Sobremonte, Córdoba, Municipio de Córdoba, Pedanía Capital, Departamento Capital, Córdoba, X5008, Argentina",-31.368536,-64.2052994
MERLO Nº 3,NOGUERA E/DEFENSA Y LUJAN NRO:984,S. A. DE PADUA,1718,NOGUERA,"NOGUERA, S. A. DE PADUA, Argentina","Noguera, San Antonio de Padua, Partido de Merlo, Buenos Aires, 1713, Argentina",-34.6780819,-58.6853442
MENDOZA Nº 18,BELGRANO NRO:679 PISO:1,MENDOZA,5500,BELGRANO,"BELGRANO, MENDOZA, Argentina","Distrito Belgrano, Departamento Guaymallén, Mendoza, Argentina",-32.8841754,-68.7985897
SAN MARTIN Nº 9,VICENTE LOPEZ (ESQ. ARTIGAS) NRO:3098,SAN MARTIN,1653,VICENTE LOPEZ (ESQ. ARTIGAS),"VICENTE LOPEZ (ESQ. ARTIGAS), SAN MARTIN, Argentina",,,
MORENO Nº 1,INTENDENTE PAGANO NRO:2758,MORENO,1744,INTENDENTE PAGANO,"INTENDENTE PAGANO, MORENO, Argentina","Boulevard Evita, Rancho Grande, Moreno Centro Norte, Moreno, Partido de Moreno, Buenos Aires, B1744, Argentina",-34.6446077,-58.7880392
LA PLATA Nº 07,AVDA. 532 NRO:1207,LA PLATA,1900,AVDA.,"AVDA., LA PLATA, Argentina","Avenida, Calle 47, Area comercial ""Calle 8"", Microcentro, La Plata, Partido de La Plata, Buenos Aires, B1900AJY, Argentina",-34.9131755,-57.9525053
BERAZATEGUI Nº 4,15 NRO:5183,BERAZATEGUI,1884,,", BERAZATEGUI, Argentina","Berazategui, Partido de Berazategui, Buenos Aires, Argentina",-34.7632677,-58.2116604
LOMAS DE ZAMORA Nº 8,ACEVEDO NRO:83 PISO:6 DTO/OF:C,LOMAS DE ZAMORA,1832,ACEVEDO DEPARTAMENTO/:C,"ACEVEDO DEPARTAMENTO/:C, LOMAS DE ZAMORA, Argentina",,,
ESCOBAR Nº 1,EUGENIA TAPIA DE CRUZ NRO:440 PISO:2,ESCOBAR,1625,EUGENIA TAPIA DE CRUZ,"EUGENIA TAPIA DE CRUZ, ESCOBAR, Argentina","Eugenia Tapia de Cruz, Belén de Escobar, Partido de Escobar, Buenos Aires, B1625ABR, Argentina",-34.3565109,-58.8043684
ESCOBAR Nº 2,EUGENIA TAPIA DE CRUZ NRO:440,ESCOBAR,1623,EUGENIA TAPIA DE CRUZ,"EUGENIA TAPIA DE CRUZ, ESCOBAR, Argentina","Eugenia Tapia de Cruz, Belén de Escobar, Partido de Escobar, Buenos Aires, B1625ABR, Argentina",-34.3565109,-58.8043684
SAN MARTIN Nº 4,FELIX BALLESTER NRO:2368,SAN MARTIN,1650,FELIX BALLESTER,"FELIX BALLESTER, SAN MARTIN, Argentina","97 - Félix Ballester, General San Martín, Partido de General San Martín, Buenos Aires, B1650BNJ, Argentina",-34.5755956,-58.5451948
MARCOS PAZ,RAMON MELGAR NRO:1891,MARCOS PAZ,1727,RAMON MELGAR,"RAMON MELGAR, MARCOS PAZ, Argentina","Ramón Melgar, La Trocha, Marcos Paz, Partido de Marcos Paz, Buenos Aires, B1727, Argentina",-34.7829038,-58.8340025
MENDOZA Nº 10,BELGRANO NRO:679 PISO: DTO/OF:10,MENDOZA,5500,BELGRANO PISO: DEPARTAMENTO/:,"BELGRANO PISO: DEPARTAMENTO/:, MENDOZA, Argentina",,,
SAN MARTIN Nº 3,SAN LORENZO NRO:2615,SAN ANDRES,1651,SAN LORENZO,"SAN LORENZO, SAN ANDRES, Argentina","San Lorenzo, San Andrés, Roldán, Municipio de Roldán, Gran Rosario, Departamento San Lorenzo, S2134, Argentina",-32.8984071,-60.8984424
CORDOBA Nº 24,GREGORIO DE LAFERRERE - Bº LAS ROSAS NRO:2207,CORDOBA,5000,GREGORIO DE LAFERRERE - Bº LAS ROSAS,"GREGORIO DE LAFERRERE - Bº LAS ROSAS, CORDOBA, Argentina",,,
CORDOBA Nº 02,MARIANO MORENO NRO:475 PISO:1,CORDOBA,5000,MARIANO MORENO,"MARIANO MORENO, CORDOBA, Argentina","Mariano Moreno, General Deheza, Córdoba, Municipio de Córdoba, Pedanía Capital, Departamento Capital, Córdoba, X5002, Argentina",-31.3940243,-64.2747296
CORDOBA Nº 05,AVDA. GRAL. PAZ NRO:323 PISO:1,CORDOBA,5000,AVDA. GENERAL. PAZ,"AVDA. GENERAL. PAZ, CORDOBA, Argentina","Avenida General Paz, La Peatonal, Centro, Córdoba, Municipio de Córdoba, Pedanía Capital, Departamento Capital, Córdoba, X5000, Argentina",-31.4140415,-64.1862259
CORDOBA Nº 12,AV. MAIPU NRO:177 PISO:3,CORDOBA,5000,AVENIDA. MAIPU,"AVENIDA. MAIPU, CORDOBA, Argentina","Avenida Maipú, Córdoba, Olivos, Vicente López, Partido de Vicente López, Buenos Aires, B1636AGA, Argentina",-34.5129556,-58.4874923
CORDOBA Nº 18,SANTA ROSA NRO:1088,CORDOBA,5000,SANTA ROSA,"SANTA ROSA, CORDOBA, Argentina","Residencial Santa Rosa, Córdoba, Municipio de Córdoba, Pedanía Capital, Departamento Capital, Córdoba, X5000, Argentina",-31.4776146,-64.2056251
VILLA GOBERNADOR GÁLVEZ,GARIBALDI NRO:2031,V.GOBERNADOR GALVEZ,2124,GARIBALDI,"GARIBALDI, V.GOBERNADOR GALVEZ, Argentina","Pasaje Garibaldi, Villa Gobernador Gálvez, Municipio de Villa Gobernador Gálvez, Gran Rosario, Departamento Rosario, S2124, Argentina",-33.0246987,-60.6276281
BERAZATEGUI Nº 3,AVDA. MITRE NRO:836,BERAZATEGUI,1884,AVDA. MITRE,"AVDA. MITRE, BERAZATEGUI, Argentina","Avenida Mitre, Berazategui, Partido de Berazategui, Buenos Aires, B1880BFS, Argentina",-34.7572657,-58.2074202
BERAZATEGUI Nº 2,AVDA. MITRE NRO:836,BERAZATEGUI,1884,AVDA. MITRE,"AVDA. MITRE, BERAZATEGUI, Argentina","Avenida Mitre, Berazategui, Partido de Berazategui, Buenos Aires, B1880BFS, Argentina",-34.7572657,-58.2074202
GENERAL RODRIGUEZ Nº 2,JUAN XXIII NRO:257,GRAL.RODRIGUEZ,1748,JUAN XXIII,"JUAN XXIII, GRAL.RODRIGUEZ, Argentina",,,
BERAZATEGUI Nº 1,LISANDRO DE LA TORRE NRO:1364,BERAZATEGUI,1884,LISANDRO DE LA TORRE,"LISANDRO DE LA TORRE, BERAZATEGUI, Argentina","Diagonal Lisandro de la Torre, Barrio 12 de Octubre, Berazategui, Partido de Berazategui, Buenos Aires, 1882, Argentina",-34.7559498,-58.2252227
CORDOBA Nº 23,MAIPU NRO:177,CORDOBA,5000,MAIPU,"MAIPU, CORDOBA, Argentina","Maipú, Córdoba, Municipio de Córdoba, Pedanía Capital, Departamento Capital, Córdoba, X5000, Argentina",-31.4360188,-64.1594403
CORDOBA Nº 19,MARIANO MORENO NRO:475 PISO:3,CORDOBA,5000,MARIANO MORENO,"MARIANO MORENO, CORDOBA, Argentina","Mariano Moreno, General Deheza, Córdoba, Municipio de Córdoba, Pedanía Capital, Departamento Capital, Córdoba, X5002, Argentina",-31.3940243,-64.2747296
MENDOZA Nº 09,BELGRANO NRO:679,MENDOZA,5500,BELGRANO,"BELGRANO, MENDOZA, Argentina","Distrito Belgrano, Departamento Guaymallén, Mendoza, Argentina",-32.8841754,-68.7985897
MENDOZA Nº 04,FORMOSA NRO:364,MENDOZA,5500,FORMOSA,"FORMOSA, MENDOZA, Argentina","Formosa, Barrio Hilda de Guida, Distrito Las Tortugas, Departamento Godoy Cruz, Mendoza, 5051, Argentina",-32.9418831,-68.829324
CAPITAL FEDERAL Nº 016,AV. DE MAYO NRO:666 PISO:6,CABA,C1084AAO,AVENIDA. DE MAYO,"AVENIDA. DE MAYO, CABA, Argentina","Avenida de Mayo, Monserrat, Buenos Aires, Comuna 1, Ciudad Autónoma de Buenos Aires, C1085ABE, Argentina",-34.6093641,-58.386078
CAÑUELAS,9 DE JULIO NRO:524,CANUELAS,1814,DE JULIO,"DE JULIO, CANUELAS, Argentina","9 de Julio, Los Aromos, Cañuelas, Partido de Cañuelas, Buenos Aires, 1814, Argentina",-35.0379063,-58.7453589
LOMAS DE ZAMORA Nº 2,SIXTO FERNANDEZ NRO:1090,LOMAS DE ZAMORA,1832,SIXTO FERNANDEZ,"SIXTO FERNANDEZ, LOMAS DE ZAMORA, Argentina","Sixto Fernández, Lomitas, Lomas de Zamora, Partido de Lomas de Zamora, Buenos Aires, B1832, Argentina",-34.7648737,-58.4139381
CORDOBA Nº 16,JERONIMO LUIS DE CABRERA NRO:611,CORDOBA,5000,JERONIMO LUIS DE CABRERA,"JERONIMO LUIS DE CABRERA, CORDOBA, Argentina","Jerónimo Luis de Cabrera, Córdoba, Municipio de Córdoba, Pedanía Capital, Departamento Capital, Córdoba, X5019, Argentina",-31.3551951,-64.1823844
AVELLANEDA Nº 4,RAMALLO NRO:34,SARANDI,1872,RAMALLO,"RAMALLO, SARANDI, Argentina","Ramallo, Villa Cristóbal Colón, Sarandí, Partido de Avellaneda, Buenos Aires, 1874, Argentina",-34.6872638,-58.3392839
GENERAL RODRIGUEZ Nº 1,CANGALLO NRO:234,GENERAL RODRIGUEZ,1748,CANGALLO,"CANGALLO, GENERAL RODRIGUEZ, Argentina","Cangallo, General Rodríguez, Partido de General Rodríguez, Buenos Aires, B1748, Argentina",-34.6027882,-58.9469368
MENDOZA Nº 05,BELGRANO NRO:679 PISO:PB DTO/OF:4,MENDOZA,5500,BELGRANO PISO:PB DEPARTAMENTO/:,"BELGRANO PISO:PB DEPARTAMENTO/:, MENDOZA, Argentina",,,
LANUS Nº 8,ITUZAINGO NRO:1280,LANUS,1824,ITUZAINGO,"ITUZAINGO, LANUS, Argentina","Ituzaingó, Villa General Paz, Lanús Este, Partido de Lanús, Buenos Aires, B1824, Argentina",-34.7100994,-58.3852268
LA PLATA Nº 05,AVENIDA 44 E/26-27 NRO:1589,LA PLATA,1900,AVENIDA -,"AVENIDA -, LA PLATA, Argentina","Avenida, Calle 47, Area comercial ""Calle 8"", Microcentro, La Plata, Partido de La Plata, Buenos Aires, B1900AJY, Argentina",-34.9131755,-57.9525053
ESCOBAR Nº 3 (EX. INGENIERO MASCHWITZ),AVDA. VILLANUEVA NRO:1260 PISO:1,INGº MASCHWITZ,1623,AVDA. VILLANUEVA,"AVDA. VILLANUEVA, INGº MASCHWITZ, Argentina",,,
EZEIZA Nº 1 (EX. ESTEBAN ECHEVERRIA NO 4),NUEVE DE JULIO NRO:231,EZEIZA,1828,NUEVE DE JULIO,"NUEVE DE JULIO, EZEIZA, Argentina",,,
ITUZAINGO Nº 3,PIRAN ESQ.VILLALONGA NRO:83,ITUZAINGO,1714,PIRAN ESQ.VILLALONGA,"PIRAN ESQ.VILLALONGA, ITUZAINGO, Argentina",,,
AVELLANEDA Nº 3,DR MANUEL BELGRANO NRO:366,AVELLANEDA,1870,DR MANUEL BELGRANO,"DR MANUEL BELGRANO, AVELLANEDA, Argentina","Manuel Belgrano, Rosa Maldonado, Choele Choel, Municipio de Choele Choel, Departamento Avellaneda, Río Negro, R8360, Argentina",-39.2849541,-65.6736737
LA PLATA Nº 08,CALLE 44 E/139 Y 140 NRO:2225,LA PLATA,1900,CALLE,"CALLE, LA PLATA, Argentina",,,
ROSARIO Nº 17,SANTA FE NRO:2333,ROSARIO,2000,SANTA FE,"SANTA FE, ROSARIO, Argentina","Santa Fe, Alberto Olmedo, Distrito Centro, Rosario, Municipio de Rosario, Gran Rosario, Departamento Rosario, S2002, Argentina",-32.9403307,-60.6644806
ROSARIO Nº 12,SAN LORENZO NRO:1621,ROSARIO,2000,SAN LORENZO,"SAN LORENZO, ROSARIO, Argentina","San Lorenzo, Belgrano, Distrito Noroeste, Rosario, Municipio de Rosario, Gran Rosario, Departamento Rosario, S2008, Argentina",-32.9346741,-60.7175471
CAPITAL FEDERAL Nº 040,SAN JOSE NRO:352 PISO:6 DTO/OF:A,CABA,1076,SAN JOSE DEPARTAMENTO/:A,"SAN JOSE DEPARTAMENTO/:A, CABA, Argentina",,,
LANUS Nº 7,SALTA NRO:1966,LANUS ESTE,1824,SALTA,"SALTA, LANUS ESTE, Argentina","Salta, Villa General Paz, Lanús Este, Partido de Lanús, Buenos Aires, B1824, Argentina",-34.7091224,-58.3835997
LA PLATA Nº 03,AVENIDA 53 NRO:1066,LA PLATA,1900,AVENIDA,"AVENIDA, LA PLATA, Argentina","Avenida, Calle 47, Area comercial ""Calle 8"", Microcentro, La Plata, Partido de La Plata, Buenos Aires, B1900AJY, Argentina",-34.9131755,-57.9525053
LANUS Nº 6,O`HIGGINS NRO:1979 PISO:1,LANUS ESTE,1824,O`HIGGINS,"O`HIGGINS, LANUS ESTE, Argentina","General O'Higgins, Villa General Paz, Lanús Este, Partido de Lanús, Buenos Aires, B1824, Argentina",-34.7071692,-58.3861404
GODOY CRUZ,BELTRAN (N) NRO:51,GODOY CRUZ,5501,BELTRAN (N),"BELTRAN (N), GODOY CRUZ, Argentina","Teniente Coronel Luis Beltrán, Barrio Bombal Sur, Zona Centro Godoy Cruz, Distrito Ciudad de Godoy Cruz, Departamento Godoy Cruz, Mendoza, M5500AAK, Argentina",-32.9035543,-68.8518939
CORDOBA Nº 04,PROGRESO NRO:1837,CORDOBA,5000,PROGRESO,"PROGRESO, CORDOBA, Argentina","Progreso, Villa Cabrera, Córdoba, Municipio de Córdoba, Pedanía Capital, Departamento Capital, Córdoba, X5000, Argentina",-31.3877554,-64.2052412
CAPITAL FEDERAL Nº 043,AV. DE MAYO NRO:1365 PISO:5 DTO/OF:A,CABA,1085,AVENIDA. DE MAYO DEPARTAMENTO/:A,"AVENIDA. DE MAYO DEPARTAMENTO/:A, CABA, Argentina",,,
LA PLATA Nº 10,CALLE 37 NRO:507,LA PLATA,1900,CALLE,"CALLE, LA PLATA, Argentina",,,
ROSARIO Nº 08,ENTRE RIOS NRO:1133 PISO:1 DTO/OF:1,ROSARIO,2000,ENTRE RIOS DEPARTAMENTO/:,"ENTRE RIOS DEPARTAMENTO/:, ROSARIO, Argentina","Entre Rios, Entre Ríos, Martin, Rosario Centro, Distrito Centro, Rosario, Municipio de Rosario, Gran Rosario, Departamento Rosario, S2000, Argentina",-32.9404825,-60.6394472
AVELLANEDA Nº 5,BELGRANO NRO:221,AVELLANEDA,1870,BELGRANO,"BELGRANO, AVELLANEDA, Argentina","Belgrano, Lamarque, Municipio de Lamarque, Departamento Avellaneda, Río Negro, 8363, Argentina",-39.4305648,-65.6998296
LOMAS DE ZAMORA Nº 4,MANUEL CASTRO NRO:94 PISO:PA,LOMAS DE ZAMORA,1832,MANUEL CASTRO PISO:PA,"MANUEL CASTRO PISO:PA, LOMAS DE ZAMORA, Argentina",,,
SAN MARTIN Nº 6,RICARDO BALBIN NRO:1777 PISO:1,SAN MARTIN,1650,RICARDO BALBIN,"RICARDO BALBIN, SAN MARTIN, Argentina","Ricardo Balbin, Potschka, Leandro N. Alem, Municipio de Leandro N. Alem, Departamento Leandro N. Alem, Misiones, 3115, Argentina",-27.5927622,-55.3339921
ROSARIO Nº 07,SARMIENTO ESQ. SAAVEDRA,ROSARIO,2000,SARMIENTO ESQ. SAAVEDRA,"SARMIENTO ESQ. SAAVEDRA, ROSARIO, Argentina",,,
CORDOBA Nº 13,HERIBERTO MARTINEZ NRO:7006,CORDOBA,5000,HERIBERTO MARTINEZ,"HERIBERTO MARTINEZ, CORDOBA, Argentina","Heriberto Martínez, Villa Belgrano, Argüello, Córdoba, Municipio de Córdoba, Pedanía Capital, Departamento Capital, Córdoba, X5022, Argentina",-31.3415877,-64.2637155
MENDOZA Nº 16,COLON NRO:660,MENDOZA,5500,COLON,"COLON, MENDOZA, Argentina","Colon, Distrito Ciudad de General Alvear, General Alvear, Mendoza, 5620, Argentina",-34.9814805,-67.6937808
LA PLATA Nº 13,CALLE 17 E/45 Y 46 NRO:698,LA PLATA,1900,CALLE,"CALLE, LA PLATA, Argentina",,,
ROSARIO Nº 18,RIOJA NRO:1128,ROSARIO,2000,RIOJA,"RIOJA, ROSARIO, Argentina","Rioja, Azcuénaga, Distrito Noroeste, Rosario, Municipio de Rosario, Gran Rosario, Departamento Rosario, S2008, Argentina",-32.9378418,-60.6984979
CAPITAL FEDERAL Nº 069,LAVALLE NRO:1759 PISO:5 DTO/OF:A,CABA,1048,LAVALLE DEPARTAMENTO/:A,"LAVALLE DEPARTAMENTO/:A, CABA, Argentina",,,
MENDOZA Nº 17,25 DE MAYO NRO:593,MENDOZA,5500,DE MAYO,"DE MAYO, MENDOZA, Argentina",,,
MAIPU Nº 2,BERNARDINO RIVADAVIA NRO:268,MAIPU,5515,BERNARDINO RIVADAVIA,"BERNARDINO RIVADAVIA, MAIPU, Argentina","Bernardino Rivadavia, Distrito Ciudad de Maipú, Departamento Maipú, Mendoza, M5515BLB, Argentina",-32.9788401,-68.7999187
CAPITAL FEDERAL Nº 068,ALSINA NRO:1760 PISO:4 DTO/OF:15,CABA,C1008AAB,ALSINA DEPARTAMENTO/:,"ALSINA DEPARTAMENTO/:, CABA, Argentina",,,
PILAR Nº 1,TUCUMAN NRO:501 PISO:1 DTO/OF:117,PILAR,1629,TUCUMAN DEPARTAMENTO/:,"TUCUMAN DEPARTAMENTO/:, PILAR, Argentina","Tucumán, Pilar, Municipio de Pilar, Pedanía Pilar, Departamento Río Segundo, Córdoba, X5972, Argentina",-31.6802232,-63.8768824
QUILMES Nº 4,RODOLFO LOPEZ NRO:874,QUILMES,1878,RODOLFO LOPEZ,"RODOLFO LOPEZ, QUILMES, Argentina","Avenida Rodolfo López, Quilmes Oeste, Quilmes, Partido de Quilmes, Buenos Aires, 1779, Argentina",-34.7432902,-58.310584
CORDOBA Nº 17,27 DE ABRIL NRO:1155,CORDOBA,5000,DE ABRIL,"DE ABRIL, CORDOBA, Argentina","23 de Abril, Córdoba, Municipio de Córdoba, Pedanía Capital, Departamento Capital, Córdoba, X5000, Argentina",-31.4583659,-64.1283546
ROSARIO Nº 03,ITUZAINGO NRO:1985,ROSARIO,2000,ITUZAINGO,"ITUZAINGO, ROSARIO, Argentina","Ituzaingó, Villa Urquiza, Distrito Oeste, Rosario, Municipio de Rosario, Gran Rosario, Departamento Rosario, S2009, Argentina",-32.9521401,-60.7103237
MENDOZA Nº 06,BELGRANO NRO:679,MENDOZA,5500,BELGRANO,"BELGRANO, MENDOZA, Argentina","Distrito Belgrano, Departamento Guaymallén, Mendoza, Argentina",-32.8841754,-68.7985897
PILAR Nº 2,TUCUMAN NRO:501 PISO:2,PILAR,1629,TUCUMAN,"TUCUMAN, PILAR, Argentina","Tucumán, Villa Morra, Pilar, Partido del Pilar, Buenos Aires, 1629, Argentina",-34.4557323,-58.9137624
LANUS Nº 5,AMANCIO ALCORTA NRO:143,LANUS,1824,AMANCIO ALCORTA,"AMANCIO ALCORTA, LANUS, Argentina","Amancio Alcorta, Lanús Centro Oeste, Lanús Oeste, Partido de Lanús, Buenos Aires, 1824, Argentina",-34.7003845,-58.3956334
CAPITAL FEDERAL Nº 056,LIBERTAD NRO:417 PISO:1,CABA,1012,LIBERTAD,"LIBERTAD, CABA, Argentina","Libertad, San Nicolás, Buenos Aires, Comuna 1, Ciudad Autónoma de Buenos Aires, C1043AAY, Argentina",-34.6020389,-58.3838762
ENSENADA,ITALIA ESQ. JEREZ NRO:50,ENSENADA,1925,ITALIA ESQ. JEREZ,"ITALIA ESQ. JEREZ, ENSENADA, Argentina",,,
CORDOBA Nº 01,9 DE JULIO NRO:267 PISO:1,CORDOBA,5000,DE JULIO,"DE JULIO, CORDOBA, Argentina",,,
CAPITAL FEDERAL Nº 002,VIAMONTE NRO:1465 PISO:7 DTO/OF:71,CABA,1055,VIAMONTE DEPARTAMENTO/:,"VIAMONTE DEPARTAMENTO/:, CABA, Argentina",,,
CORDOBA Nº 15,9 DE JULIO NRO:40 PISO:2 DTO/OF:23,CORDOBA,5000,DE JULIO DEPARTAMENTO/:,"DE JULIO DEPARTAMENTO/:, CORDOBA, Argentina",,,
QUILMES Nº 3,RODOLFO LOPEZ NRO:874 PISO:1,QUILMES,1878,RODOLFO LOPEZ,"RODOLFO LOPEZ, QUILMES, Argentina","Avenida Rodolfo López, Quilmes Oeste, Quilmes, Partido de Quilmes, Buenos Aires, 1779, Argentina",-34.7432902,-58.310584
CAPITAL FEDERAL Nº 027,25 DE MAYO NRO:445 PISO:8,CABA,1002,DE MAYO,"DE MAYO, CABA, Argentina",,,
LA PLATA Nº 06,CALLE 16 NRO:1065,LA PLATA,1900,CALLE,"CALLE, LA PLATA, Argentina",,,
ROSARIO Nº 11,JUJUY NRO:2379,ROSARIO,2000,JUJUY,"JUJUY, ROSARIO, Argentina","Jujuy, Área Comercial Pichincha II, Alberto Olmedo, Distrito Centro, Rosario, Municipio de Rosario, Gran Rosario, Departamento Rosario, S2000, Argentina",-32.9346765,-60.6560064
CAPITAL FEDERAL Nº 015,MORENO NRO:1270 PISO:3 DTO/OF:309,CABA,1076,MORENO DEPARTAMENTO/:,"MORENO DEPARTAMENTO/:, CABA, Argentina",,,
MAIPÚ Nº 3,BARCALÁ NRO:283,MAIPU,5515,BARCALÁ,"BARCALÁ, MAIPU, Argentina","Barcala, General Bartolomé Mitre, Villa Teresa, Distrito Fray Luis Beltrán, Departamento Maipú, Mendoza, 5587, Argentina",-33.0294039,-68.5980833
ROSARIO Nº 06,SANTIAGO NRO:955,ROSARIO,2000,SANTIAGO,"SANTIAGO, ROSARIO, Argentina","Santiago, Alberto Olmedo, Distrito Centro, Rosario, Municipio de Rosario, Gran Rosario, Departamento Rosario, S2000, Argentina",-32.9321404,-60.6531995
LA PLATA Nº 02,CALLE 42 NRO:689,LA PLATA,1900,CALLE,"CALLE, LA PLATA, Argentina",,,
ITUZAINGO Nº 4,JOSE M PAZ NRO:798,ITUZAINGO,1714,JOSE M PAZ,"JOSE M PAZ, ITUZAINGO, Argentina",,,
RIO CEBALLOS,CHACABUCO NRO:111,RIO CEBALLOS,5111,CHACABUCO,"CHACABUCO, RIO CEBALLOS, Argentina","Chacabuco, Ramenvil, Río Ceballos, Municipio de Río Ceballos, Pedanía Río Ceballos, Departamento Colón, Córdoba, X5111, Argentina",-31.1707482,-64.3144527
CAPITAL FEDERAL Nº 008,PARANA NRO:754 PISO:2,CABA,1015,PARANA,"PARANA, CABA, Argentina","Paraná, San Nicolás, Buenos Aires, Comuna 1, Ciudad Autónoma de Buenos Aires, C1033AAE, Argentina",-34.608862,-58.3876473
SAN MARTIN Nº 1,CALLE 62 NRO:4000,SAN MARTIN,1650,CALLE,"CALLE, SAN MARTIN, Argentina","Alejandro Fleming, General San Martín, Villa Vatteone, Partido de Florencio Varela, Buenos Aires, 1888, Argentina",-34.8152824,-58.2599061
CAPITAL FEDERAL Nº 059,TACUARI NRO:163 PISO:3 DTO/OF:A,CABA,C1071AAC,TACUARI DEPARTAMENTO/:A,"TACUARI DEPARTAMENTO/:A, CABA, Argentina",,,
CAPITAL FEDERAL Nº 061,PARANA NRO:145 PISO:1° DTO/OF:1Y2,CABA,1017,PARANA ° DEPARTAMENTO/:1Y2,"PARANA ° DEPARTAMENTO/:1Y2, CABA, Argentina",,,
CORDOBA Nº 07,AV. GRAL PAZ NRO:323 PISO:3,CORDOBA,5000,AVENIDA. GENERAL PAZ,"AVENIDA. GENERAL PAZ, CORDOBA, Argentina","Avenida General Paz, La Peatonal, Centro, Córdoba, Municipio de Córdoba, Pedanía Capital, Departamento Capital, Córdoba, X5000, Argentina",-31.4140415,-64.1862259
OLIVOS Nº 06,FRAY JUSTO SARMIENTO NRO:2323,OLIVOS,1636,FRAY JUSTO SARMIENTO,"FRAY JUSTO SARMIENTO, OLIVOS, Argentina","Fray Justo Sarmiento, Loma de Roca, Olivos, Loma de Roca, Vicente López, Partido de Vicente López, Buenos Aires, B1605DSR, Argentina",-34.5128562,-58.5087511
SAN MARTIN Nº 5,GUEMES NRO:2401,SAN MARTIN,1650,GUEMES,"GUEMES, SAN MARTIN, Argentina","Guemes, Alto Independencia, Humahuaca, Municipio de Humahuaca, Departamento Humahuaca, Jujuy, Y4630, Argentina",-23.207392,-65.3523058
MAIPU Nº 1- MENDOZA,GARGANTINI NRO:541,MAIPU,5515,GARGANTINI,"GARGANTINI, MAIPU, Argentina","Gargantini, Canciller, Distrito Ciudad de Maipú, Departamento Maipú, Mendoza, M5515BLB, Argentina",-32.9685961,-68.7982307
CAPITAL FEDERAL Nº 101,LAVALLE NRO:1759 PISO:1 DTO/OF:B,CABA,1048,LAVALLE DEPARTAMENTO/:B,"LAVALLE DEPARTAMENTO/:B, CABA, Argentina",,,
CAPITAL FEDERAL Nº 034,ALSINA NRO:653,CABA,1087,ALSINA,"ALSINA, CABA, Argentina","Alsina, Metrobús 9 de Julio (Norte), Monserrat, Buenos Aires, Comuna 1, Ciudad Autónoma de Buenos Aires, C1084AAE, Argentina",-34.6109918,-58.3812423
CORDOBA Nº 10,AYACUCHO NRO:72,CORDOBA,5000,AYACUCHO,"AYACUCHO, CORDOBA, Argentina","Ayacucho, Córdoba, Municipio de Córdoba, Pedanía Capital, Departamento Capital, Córdoba, X5001, Argentina",-31.3789181,-64.1725733
ROSARIO Nº 13,RIOJA NRO:624,ROSARIO,2000,RIOJA,"RIOJA, ROSARIO, Argentina","Rioja, Azcuénaga, Distrito Noroeste, Rosario, Municipio de Rosario, Gran Rosario, Departamento Rosario, S2008, Argentina",-32.9378418,-60.6984979
TIGRE Nº 5,AVDA. CAZÓN NRO:113,TIGRE,1648,AVDA. CAZÓN,"AVDA. CAZÓN, TIGRE, Argentina","Avenida Cazón, Almirante Brown, Tigre, Partido de Tigre, Buenos Aires, B1648EWN, Argentina",-34.4347985,-58.5670451
MENDOZA Nº 08,BELGRANO NRO:661 PISO:2 DTO/OF:1-2,MENDOZA,5500,BELGRANO DEPARTAMENTO/:-,"BELGRANO DEPARTAMENTO/:-, MENDOZA, Argentina","Distrito Belgrano, Departamento Guaymallén, Mendoza, Argentina",-32.8841754,-68.7985897
CORDOBA Nº 08,AYACUCHO NRO:72 PISO:2,CORDOBA,5000,AYACUCHO,"AYACUCHO, CORDOBA, Argentina","Ayacucho, Córdoba, Municipio de Córdoba, Pedanía Capital, Departamento Capital, Córdoba, X5001, Argentina",-31.3789181,-64.1725733
AVELLANEDA Nº 7,BELGRANO NRO:221,AVELLANEDA,1870,BELGRANO,"BELGRANO, AVELLANEDA, Argentina","Belgrano, Lamarque, Municipio de Lamarque, Departamento Avellaneda, Río Negro, 8363, Argentina",-39.4305648,-65.6998296
SAN ISIDRO Nº 06,ACASSUSO NRO:459,SAN ISIDRO,1642,ACASSUSO,"ACASSUSO, SAN ISIDRO, Argentina","Acassuso, La Calabria, San Isidro, Partido de San Isidro, Buenos Aires, B1642CAL, Argentina",-34.4649477,-58.5184468
CAPITAL FEDERAL Nº 052,URUGUAY NRO:694 PISO:4,CABA,1015,URUGUAY,"URUGUAY, CABA, Argentina","Uruguay, Avenida Corrientes, San Nicolás, Buenos Aires, Comuna 1, Ciudad Autónoma de Buenos Aires, C1042AAN, Argentina",-34.604043,-58.3870845
ROSARIO Nº 16,ALVEAR NRO:336,ROSARIO,2000,ALVEAR,"ALVEAR, ROSARIO, Argentina","Alvear, Distrito Suroeste, Rosario, Municipio de Rosario, Gran Rosario, Departamento Rosario, S2000, Argentina",-32.977462,-60.6785104
SAN MARTIN Nº 2,RIVADAVIA NRO:3886,SAN MARTIN,1650,RIVADAVIA,"RIVADAVIA, SAN MARTIN, Argentina","Rivadavia, San Martín, Rafaela, Municipio de Rafaela, Departamento Castellanos, S2300, Argentina",-31.252902,-61.4963844
MENDOZA Nº 13,BELGRANO NRO:661 PISO:PB,MENDOZA,5500,BELGRANO PISO:PB,"BELGRANO PISO:PB, MENDOZA, Argentina",,,
CAPITAL FEDERAL Nº 025,VIAMONTE NRO:759 PISO:PB DTO/OF:A,CABA,1017,VIAMONTE PISO:PB DEPARTAMENTO/:A,"VIAMONTE PISO:PB DEPARTAMENTO/:A, CABA, Argentina",,,
CAPITAL FEDERAL Nº 064,RIVADAVIA NRO:969 PISO:1 DTO/OF:A,CABA,1002,RIVADAVIA DEPARTAMENTO/:A,"RIVADAVIA DEPARTAMENTO/:A, CABA, Argentina",,,
CAPITAL FEDERAL Nº 084,SUIPACHA NRO:745 PISO:5 DTO/OF:A,CABA,1008,SUIPACHA DEPARTAMENTO/:A,"SUIPACHA DEPARTAMENTO/:A, CABA, Argentina",,,
PILAR Nº 5,SILVIO BRASCHI NRO:506,PILAR,B1629IXD,SILVIO BRASCHI,"SILVIO BRASCHI, PILAR, Argentina","Silvio Braschi, Villa Morra, Pilar, Partido del Pilar, Buenos Aires, 1633, Argentina",-34.4634548,-58.9115856
CAPITAL FEDERAL Nº 058,TALCAHUANO NRO:750 PISO:8 DTO/OF:B,CABA,1013,TALCAHUANO DEPARTAMENTO/:B,"TALCAHUANO DEPARTAMENTO/:B, CABA, Argentina",,,
CAPITAL FEDERAL Nº 014,25 DE MAYO (DIRECCION PROVISORIA) NRO:445 PISO:8,CABA,1047,DE MAYO (DIRECCION PROVISORIA),"DE MAYO (DIRECCION PROVISORIA), CABA, Argentina",,,
CAPITAL FEDERAL Nº 060,VIAMONTE NRO:1465 PISO:9 DTO/OF:91,CABA,1055,VIAMONTE DEPARTAMENTO/:,"VIAMONTE DEPARTAMENTO/:, CABA, Argentina",,,
CAPITAL FEDERAL Nº 055,SUIPACHA NRO:570 PISO:7 DTO/OF:B,CABA,1053,SUIPACHA DEPARTAMENTO/:B,"SUIPACHA DEPARTAMENTO/:B, CABA, Argentina",,,
CAPITAL FEDERAL Nº 035,MORENO NRO:1270 PISO:2 DTO/OF:209,CABA,1091,MORENO DEPARTAMENTO/:,"MORENO DEPARTAMENTO/:, CABA, Argentina",,,
ROSARIO Nº 15,MONTEVIDEO NRO:2534,ROSARIO,2000,MONTEVIDEO,"MONTEVIDEO, ROSARIO, Argentina","Montevideo, Altos de Mendoza, Antártida Argentina, Distrito Noroeste, Rosario, Municipio de Rosario, Gran Rosario, Departamento Rosario, S2008, Argentina",-32.9476611,-60.7309111
CORDOBA Nº 09,BOLIVAR NRO:307 PISO:PA,CORDOBA,5000,BOLIVAR PISO:PA,"BOLIVAR PISO:PA, CORDOBA, Argentina",,,
CAPITAL FEDERAL Nº 039,HIPOLITO YRIGOYEN NRO:1116 PISO:8,CABA,1086,HIPOLITO YRIGOYEN,"HIPOLITO YRIGOYEN, CABA, Argentina","Hipólito Yrigoyen, Santa Magdalena, Barracas, Buenos Aires, Distrito del Diseño, Comuna 4, Ciudad Autónoma de Buenos Aires, C1293ABA, Argentina",-34.6536024,-58.3789065
CAPITAL FEDERAL Nº 007,PJE. DR. RIVAROLA NRO:118,CABA,1015,PJE. DR. RIVAROLA,"PJE. DR. RIVAROLA, CABA, Argentina",,,
CORDOBA Nº 25,RECTA MARTINOLI NRO:6980,CORDOBA,5143,RECTA MARTINOLI,"RECTA MARTINOLI, CORDOBA, Argentina","Avenida Recta Martinoli, Riberas de Villa Belgrano, Argüello, Córdoba, Municipio de Córdoba, Pedanía Capital, Departamento Capital, Córdoba, X5022, Argentina",-31.3473412,-64.2704561
CAPITAL FEDERAL Nº 037,TACUARI NRO:163 PISO:PB,CABA,1071,TACUARI PISO:PB,"TACUARI PISO:PB, CABA, Argentina",,,
CORDOBA Nº 06,RIVADEO NRO:1570,CORDOBA,5000,RIVADEO,"RIVADEO, CORDOBA, Argentina","Rivadeo, Alta Córdoba, Córdoba, Municipio de Córdoba, Pedanía Capital, Departamento Capital, Córdoba, X5001, Argentina",-31.4012063,-64.1814837
MENDOZA Nº 07,BELGRANO NRO:679 PISO:PB DTO/OF:5,MENDOZA,5500,BELGRANO PISO:PB DEPARTAMENTO/:,"BELGRANO PISO:PB DEPARTAMENTO/:, MENDOZA, Argentina",,,
MAR DEL PLATA Nº 12,B.MITRE NRO:2659,MAR DEL PLATA,7600,B.MITRE,"B.MITRE, MAR DEL PLATA, Argentina","Bartolomé Mitre, Centro, Mar del Plata, Partido de General Pueyrredón, Buenos Aires, B7600DRN, Argentina",-37.9981012,-57.5486208
CAPITAL FEDERAL Nº 011,PARANA NRO:145 PISO:6 DTO/OF:26,CABA,1048,PARANA DEPARTAMENTO/:,"PARANA DEPARTAMENTO/:, CABA, Argentina",,,
MAR DEL PLATA Nº 05,ESPAÑA NRO:3463,MAR DEL PLATA,7600,ESPAÑA,"ESPAÑA, MAR DEL PLATA, Argentina","España, Centro, Mar del Plata, Partido de General Pueyrredón, Buenos Aires, 7606, Argentina",-37.9968501,-57.5576817
CAPITAL FEDERAL Nº 009,AV.PRESIDENTE JULIO A. ROCA NRO:620 PISO:8,CABA,1055,AVENIDAPRESIDENTE JULIO A. ROCA,"AVENIDAPRESIDENTE JULIO A. ROCA, CABA, Argentina",,,
CAPITAL FEDERAL Nº 029,LIBERTAD NRO:434 PISO:1 DTO/OF:15,CABA,1012,LIBERTAD DEPARTAMENTO/:,"LIBERTAD DEPARTAMENTO/:, CABA, Argentina",,,
CAPITAL FEDERAL Nº 005,SANTIAGO DEL ESTERO NRO:217 PISO:5,CABA,1075,SANTIAGO DEL ESTERO,"SANTIAGO DEL ESTERO, CABA, Argentina","Santiago del Estero, Monserrat, Buenos Aires, Comuna 1, Ciudad Autónoma de Buenos Aires, C1091ABA, Argentina",-34.612731,-58.3847163
MENDOZA Nº 01,BELGRANO NRO:679 PISO:1,MENDOZA,5500,BELGRANO,"BELGRANO, MENDOZA, Argentina","Distrito Belgrano, Departamento Guaymallén, Mendoza, Argentina",-32.8841754,-68.7985897
CAPITAL FEDERAL Nº 065,SANTIAGO DEL ESTERO NRO:150,CABA,1002,SANTIAGO DEL ESTERO,"SANTIAGO DEL ESTERO, CABA, Argentina","Santiago del Estero, Monserrat, Buenos Aires, Comuna 1, Ciudad Autónoma de Buenos Aires, C1091ABA, Argentina",-34.612731,-58.3847163
BERAZATEGUI Nº 5,AV. MITRE NRO:1321,BERAZATEGUI,1880,AVENIDA. MITRE,"AVENIDA. MITRE, BERAZATEGUI, Argentina","Avenida Mitre, Berazategui, Partido de Berazategui, Buenos Aires, B1880BFS, Argentina",-34.7572657,-58.2074202
CAPITAL FEDERAL Nº 046,PARANA NRO:145 PISO:2,CABA,1017,PARANA,"PARANA, CABA, Argentina","Paraná, San Nicolás, Buenos Aires, Comuna 1, Ciudad Autónoma de Buenos Aires, C1033AAE, Argentina",-34.608862,-58.3876473
ZARATE Nº 3,GENERAL PAZ NRO:704,ZARATE,2800,GENERAL PAZ,"GENERAL PAZ, ZARATE, Argentina","General Paz, Zárate, Partido de Zárate, Buenos Aires, 2800, Argentina",-34.0955796,-59.0290478
CAPITAL FEDERAL Nº 092,AV.CALLAO NRO:220 PISO:2,CABA,1022,AVENIDACALLAO,"AVENIDACALLAO, CABA, Argentina",,,
VILLA ALLENDE Nº 1,AV. GOYCOECHEA NRO:589,VILLA ALLENDE,5105,AVENIDA. GOYCOECHEA,"AVENIDA. GOYCOECHEA, VILLA ALLENDE, Argentina","Avenida Goycoechea, Villa Allende Centro, Villa Allende, Municipio de Villa Allende, Pedanía Calera Norte, Departamento Colón, Córdoba, X5111, Argentina",-31.2970227,-64.2917088
OLIVOS Nº 05,AV. ROCA NRO:4260,FLORIDA,1602,AVENIDA. ROCA,"AVENIDA. ROCA, FLORIDA, Argentina",,,
CAPITAL FEDERAL Nº 044,AV.BELGRANO NRO:845 PISO:3 DTO/OF:B,CABA,1092,AVENIDABELGRANO DEPARTAMENTO/:B,"AVENIDABELGRANO DEPARTAMENTO/:B, CABA, Argentina",,,
CORDOBA Nº 14,NICOLAS BERROTARAN (Bº CERRO LAS ROSAS) NRO:1917 PISO:1,CORDOBA,5009,NICOLAS BERROTARAN (Bº CERRO LAS ROSAS),"NICOLAS BERROTARAN (Bº CERRO LAS ROSAS), CORDOBA, Argentina","Nicolás Berrotarán, Cerro de las Rosas, Córdoba, Municipio de Córdoba, Pedanía Capital, Departamento Capital, Córdoba, X5009, Argentina",-31.378086,-64.2318777
SAN ISIDRO Nº 05,HIPOLITO YRIGOYEN NRO:433,MARTINEZ,1642,HIPOLITO YRIGOYEN,"HIPOLITO YRIGOYEN, MARTINEZ, Argentina","Hipólito Yrigoyen, Martínez, Partido de San Isidro, Buenos Aires, B1640BNP, Argentina",-34.4909587,-58.5034461
ALTA GRACIA Nº 2,DR. DINO OSCAR CARIGNANI NRO:421,ALTA GRACIA,5186,DR. DINO OSCAR CARIGNANI,"DR. DINO OSCAR CARIGNANI, ALTA GRACIA, Argentina",,,
MAR DEL PLATA Nº 02,RAWSON NRO:3039,MAR DEL PLATA,7600,RAWSON,"RAWSON, MAR DEL PLATA, Argentina","Rawson, Santa Rosa de Lima, Mar del Plata, Partido de General Pueyrredón, Buenos Aires, Argentina",-37.9663265,-57.6347864
ROSARIO Nº 14,BALCARCE NRO:615,ROSARIO,2000,BALCARCE,"BALCARCE, ROSARIO, Argentina","Balcarce, Rosario Centro, Distrito Centro, Rosario, Municipio de Rosario, Gran Rosario, Departamento Rosario, S2000, Argentina",-32.9358079,-60.6498719
CAPITAL FEDERAL Nº 071,SAN JOSE NRO:352 PISO:5 DTO/OF:B,CABA,1076,SAN JOSE DEPARTAMENTO/:B,"SAN JOSE DEPARTAMENTO/:B, CABA, Argentina",,,
MENDOZA Nº 02,BELGRANO NRO:679,MENDOZA,5500,BELGRANO,"BELGRANO, MENDOZA, Argentina","Distrito Belgrano, Departamento Guaymallén, Mendoza, Argentina",-32.8841754,-68.7985897
CAPITAL FEDERAL Nº 047,VIAMONTE NRO:640 PISO:4 DTO/OF:12,CABA,C1006ABA,VIAMONTE DEPARTAMENTO/:,"VIAMONTE DEPARTAMENTO/:, CABA, Argentina",,,
MAR DEL PLATA Nº 06,MITRE NRO:2967,MAR DEL PLATA,7600,MITRE,"MITRE, MAR DEL PLATA, Argentina","Mitre, Avenida Colón, Centro, Mar del Plata, Partido de General Pueyrredón, Buenos Aires, B7600DTR, Argentina",-38.0029378,-57.5508595
CORDOBA Nº 20,MARIANO MORENO NRO:475 PISO:3,CORDOBA,5000,MARIANO MORENO,"MARIANO MORENO, CORDOBA, Argentina","Mariano Moreno, General Deheza, Córdoba, Municipio de Córdoba, Pedanía Capital, Departamento Capital, Córdoba, X5002, Argentina",-31.3940243,-64.2747296
ALTA GRACIA Nº 1,AGUSTIN AGUIRRE NRO:220,ALTA GRACIA,5186,AGUSTIN AGUIRRE,"AGUSTIN AGUIRRE, ALTA GRACIA, Argentina","Agustín Aguirre, Camara, Alta Gracia, Municipio de Alta Gracia, Pedanía Alta Gracia, Departamento Santa María, Córdoba, X5186, Argentina",-31.6554198,-64.4256658
MAR DEL PLATA Nº 09,AV INDEPENDENCIA NRO:2342 PISO:4 DTO/OF:A,MAR DEL PLATA,B7600GED,AVENIDA INDEPENDENCIA DEPARTAMENTO/:A,"AVENIDA INDEPENDENCIA DEPARTAMENTO/:A, MAR DEL PLATA, Argentina",,,
CAPITAL FEDERAL Nº 077,PARANA NRO:785 PISO:5 DTO/OF:B,CABA,1017,PARANA DEPARTAMENTO/:B,"PARANA DEPARTAMENTO/:B, CABA, Argentina",,,
CAPITAL FEDERAL Nº 024,M. T.DE ALVEAR NRO:1252 PISO:1,CABA,1013,M. T.DE ALVEAR,"M. T.DE ALVEAR, CABA, Argentina","San Martín y M.T. de Alvear, San Martín, Retiro, Buenos Aires, Comuna 1, Ciudad Autónoma de Buenos Aires, C1004AAT, Argentina",-34.5964697,-58.3742888
TIGRE Nº 1,SARMIENTO NRO:509,TIGRE,1648,SARMIENTO,"SARMIENTO, TIGRE, Argentina","Sarmiento, Tigre, Partido de Tigre, Buenos Aires, B1648FAO, Argentina",-34.4284445,-58.5781602
CAPITAL FEDERAL Nº 093,MONTEVIDEO NRO:373 PISO:9 DTO/OF:93,CABA,1019,MONTEVIDEO DEPARTAMENTO/:,"MONTEVIDEO DEPARTAMENTO/:, CABA, Argentina",,,
CAPITAL FEDERAL Nº 041,AVDA. DE MAYO NRO:881 PISO:1 DTO/OF:A,CABA,1076,AVDA. DE MAYO DEPARTAMENTO/:A,"AVDA. DE MAYO DEPARTAMENTO/:A, CABA, Argentina",,,
CAPITAL FEDERAL Nº 074,SGO. DEL ESTERO NRO:345 PISO:3,CABA,1076,SGO. DEL ESTERO,"SGO. DEL ESTERO, CABA, Argentina",,,
VILLA ALLENDE Nº 2,ECHEVERRIA NRO:48,VILLA ALLENDE,5105,ECHEVERRIA,"ECHEVERRIA, VILLA ALLENDE, Argentina","Echeverría, Villa Allende Centro, Villa Allende, Municipio de Villa Allende, Pedanía Calera Norte, Departamento Colón, Córdoba, X5111, Argentina",-31.296506,-64.2916282
TIGRE Nº 3,ITALIA NRO:1287,TIGRE,1648,ITALIA,"ITALIA, TIGRE, Argentina","Italia, Villa Adalguiza, San Fernando, Partido de San Fernando, Buenos Aires, B1648CIG, Argentina",-34.4448697,-58.5772871
ROSARIO Nº 10,CORRIENTES NRO:2550,ROSARIO,S2000QOM,CORRIENTES,"CORRIENTES, ROSARIO, Argentina","Corrientes, Martin, Rosario Centro, Distrito Centro, Rosario, Municipio de Rosario, Gran Rosario, Departamento Rosario, S2000, Argentina",-32.9438787,-60.641897
CAPITAL FEDERAL Nº 075,JULIO A ROCA NRO:672 PISO:1,CABA,1008,JULIO A ROCA,"JULIO A ROCA, CABA, Argentina","Avenida Presidente Julio A. Roca, Monserrat, Buenos Aires, Comuna 1, Ciudad Autónoma de Buenos Aires, C1066AAA, Argentina",-34.609261,-58.3736973
CAPITAL FEDERAL Nº 045,SAN JOSE NRO:151 PISO:PB,CABA,1076,SAN JOSE PISO:PB,"SAN JOSE PISO:PB, CABA, Argentina",,,
BERISSO Nº 1,CALLE 4 ESQ. 166 NRO:4407 PISO:1,BERISSO,1897,CALLE ESQ.,"CALLE ESQ., BERISSO, Argentina",,,
MENDOZA Nº 12,SAN JUAN NRO:115,MENDOZA,5500,SAN JUAN,"SAN JUAN, MENDOZA, Argentina","San Juan, Ciudad de Mendoza, Sección 3ª Parque O'Higgins, Departamento Capital, Mendoza, M5500AGC, Argentina",-32.8882912,-68.8369343
LA PLATA Nº 16,CAMINO CENTENARIO ESQ.471 NRO:500,CITY BELL,1896,CAMINO CENTENARIO ESQ.,"CAMINO CENTENARIO ESQ., CITY BELL, Argentina",,,
LA CALERA,GARCIA LORCA NRO:437,LA CALERA,X5151BRH,GARCIA LORCA,"GARCIA LORCA, LA CALERA, Argentina","Garcia Lorca y Calle 3, Federico García Lorca, Los Prados, Barrio Doctor Cocca, La Calera, Pedanía Calera Norte, Departamento Colón, Córdoba, X5111, Argentina",-31.3594208,-64.3460493
CAPITAL FEDERAL Nº 078,TACUARI NRO:163 PISO:3 DTO/OF:B,CABA,1070,TACUARI DEPARTAMENTO/:B,"TACUARI DEPARTAMENTO/:B, CABA, Argentina",,,
TIGRE Nº 2,AV. DARDO ROCHA NRO:329,TIGRE,1648,AVENIDA. DARDO ROCHA,"AVENIDA. DARDO ROCHA, TIGRE, Argentina","Avenida Dardo Rocha, Tigre, Partido de Tigre, Buenos Aires, 1649, Argentina",-34.4279219,-58.5831325
LA PLATA Nº 15,CAMINO PQUE CENTENARIO NRO:869,CITY BELL - LA PLATA,1896,CAMINO PQUE CENTENARIO,"CAMINO PQUE CENTENARIO, CITY BELL - LA PLATA, Argentina","Camino Parque Centenario, Barrio Santa Ana, City Bell, Partido de La Plata, Buenos Aires, 1896, Argentina",-34.8636569,-58.0491245
CAPITAL FEDERAL Nº 003,LAVALLE NRO:1759 PISO:2 DTO/OF:B,CABA,1048,LAVALLE DEPARTAMENTO/:B,"LAVALLE DEPARTAMENTO/:B, CABA, Argentina",,,
ROSARIO Nº 09,RIOJA NRO:2410,ROSARIO,2000,RIOJA,"RIOJA, ROSARIO, Argentina","Rioja, Azcuénaga, Distrito Noroeste, Rosario, Municipio de Rosario, Gran Rosario, Departamento Rosario, S2008, Argentina",-32.9378418,-60.6984979
TIGRE Nº 4,AV. CAZON NRO:1113,TIGRE,1648,AVENIDA. CAZON,"AVENIDA. CAZON, TIGRE, Argentina","Avenida Cazón, Almirante Brown, Tigre, Partido de Tigre, Buenos Aires, B1648EWN, Argentina",-34.4347985,-58.5670451
CAPITAL FEDERAL Nº 006,PARANA NRO:145 PISO:5,CABA,1017,PARANA,"PARANA, CABA, Argentina","Paraná, San Nicolás, Buenos Aires, Comuna 1, Ciudad Autónoma de Buenos Aires, C1033AAE, Argentina",-34.608862,-58.3876473
CAPITAL FEDERAL Nº 070,PARANA NRO:145 PISO:3 DTO/OF:A,CABA,1017,PARANA DEPARTAMENTO/:A,"PARANA DEPARTAMENTO/:A, CABA, Argentina",,,
BERISSO Nº 2,CALLE 13 E/ 165 Y 166 NRO:4320,BERISSO,1900,CALLE,"CALLE, BERISSO, Argentina",,,
LA PLATA Nº 17,CALLE 54 NRO:520,LA PLATA,B1900BDV,CALLE,"CALLE, LA PLATA, Argentina",,,
ZARATE Nº 2,AV. GALLESIO NRO:240,ZARATE,2800,AVENIDA. GALLESIO,"AVENIDA. GALLESIO, ZARATE, Argentina","Avenida Gallesio, Zárate, Partido de Zárate, Buenos Aires, 2800, Argentina",-34.1044262,-59.0314364
ROSARIO Nº 04,ALTE.BROWN NRO:1675,ROSARIO,2000,ALTE.BROWN,"ALTE.BROWN, ROSARIO, Argentina",,,
CAPITAL FEDERAL Nº 062,AV. DE MAYO NRO:881 PISO:1,CABA,1121,AVENIDA. DE MAYO,"AVENIDA. DE MAYO, CABA, Argentina","Avenida de Mayo, Monserrat, Buenos Aires, Comuna 1, Ciudad Autónoma de Buenos Aires, C1085ABE, Argentina",-34.6093641,-58.386078
CAPITAL FEDERAL Nº 067,SARMIENTO NRO:1889 PISO:6 DTO/OF:A,CABA,1044,SARMIENTO DEPARTAMENTO/:A,"SARMIENTO DEPARTAMENTO/:A, CABA, Argentina",,,
MENDOZA Nº 19,SAN MARTIN NRO:89,MENDOZA,5500,SAN MARTIN,"SAN MARTIN, MENDOZA, Argentina","Distrito Ciudad de San Martín, Departamento San Martín, Mendoza, Argentina",-33.0805336,-68.4710695
MENDOZA Nº 11,RIVADAVIA NRO:721,MENDOZA,5500,RIVADAVIA,"RIVADAVIA, MENDOZA, Argentina","Rivadavia, Distrito Ciudad de Rivadavia, Departamento Rivadavia, Mendoza, 5577, Argentina",-33.1959388,-68.4662317
OLIVOS Nº 10,UGARTE NRO:2602,OLIVOS,B1636BWY,UGARTE,"UGARTE, OLIVOS, Argentina","Ugarte, Colectora Acceso Norte, Olivos, Vicente López, Partido de Vicente López, Buenos Aires, B1605DST, Argentina",-34.5230277,-58.5107192
LA PLATA Nº 12,AV. 7 E/45 Y P ITALIA NRO:635,LA PLATA,1900,AVENIDA.,"AVENIDA., LA PLATA, Argentina","Avenida, Calle 47, Area comercial ""Calle 8"", Microcentro, La Plata, Partido de La Plata, Buenos Aires, B1900AJY, Argentina",-34.9131755,-57.9525053
CAPITAL FEDERAL Nº 013,CORRIENTES NRO:1145 PISO:4,CABA,C1043AAL,CORRIENTES,"CORRIENTES, CABA, Argentina","Corrientes, Avenida Pueyrredón, Once, Balvanera, Buenos Aires, Comuna 3, Ciudad Autónoma de Buenos Aires, C1032ABF, Argentina",-34.6041224,-58.4053431
ZARATE Nº 1,RIVADAVIA NRO:1314,ZARATE,2800,RIVADAVIA,"RIVADAVIA, ZARATE, Argentina","Rivadavia, Zárate, Partido de Zárate, Buenos Aires, 2800, Argentina",-34.0988099,-59.0310547
MAR DEL PLATA Nº 04,BARTOLOME MITRE NRO:2659,MAR DEL PLATA,7600,BARTOLOME MITRE,"BARTOLOME MITRE, MAR DEL PLATA, Argentina","Bartolomé Mitre, Centro, Mar del Plata, Partido de General Pueyrredón, Buenos Aires, B7600DTR, Argentina",-38.0004707,-57.5505195
MAR DEL PLATA Nº 07,H. YRIGOYEN NRO:3252,MAR DEL PLATA,7600,H. YRIGOYEN,"H. YRIGOYEN, MAR DEL PLATA, Argentina","Hipólito Yrigoyen, La Perla, Mar del Plata, Partido de General Pueyrredón, Buenos Aires, B7600DRN, Argentina",-37.994251,-57.5468675
LA PLATA Nº 04,AVDA. 13 (ENTRE CALLE 33 Y 34) NRO:53,LA PLATA,1900,AVDA. (),"AVDA. (), LA PLATA, Argentina","Avenida, Calle 47, Area comercial ""Calle 8"", Microcentro, La Plata, Partido de La Plata, Buenos Aires, B1900AJY, Argentina",-34.9131755,-57.9525053
MAR DEL PLATA Nº 03,HIPOLITO YRIGOYEN NRO:2831,MAR DEL PLATA,7600,HIPOLITO YRIGOYEN,"HIPOLITO YRIGOYEN, MAR DEL PLATA, Argentina","Hipólito Yrigoyen, San José, Mar del Plata, Partido de General Pueyrredón, Buenos Aires, 7600, Argentina",-38.011429,-57.5607997
CAPITAL FEDERAL Nº 085,LAVALLE NRO:1625 PISO:5 DTO/OF:501,CABA,C1048AAM,LAVALLE DEPARTAMENTO/:,"LAVALLE DEPARTAMENTO/:, CABA, Argentina",,,
CAPITAL FEDERAL Nº 036,MORENO NRO:1270 PISO:4 DTO/OF:404,CABA,1012,MORENO DEPARTAMENTO/:,"MORENO DEPARTAMENTO/:, CABA, Argentina",,,
LUJAN Nº 2,COLON NRO:790,LUJAN,6700,COLON,"COLON, LUJAN, Argentina","Colón, 12 - Cristóbal Colón, San Cayetano, Luján Centro, Luján, Partido de Luján, Buenos Aires, 6700, Argentina",-34.569807,-59.1173482
CAPITAL FEDERAL Nº 091,ALSINA NRO:1433 PISO:5,CABA,1076,ALSINA,"ALSINA, CABA, Argentina","Alsina, Metrobús 9 de Julio (Norte), Monserrat, Buenos Aires, Comuna 1, Ciudad Autónoma de Buenos Aires, C1084AAE, Argentina",-34.6109918,-58.3812423
ROSARIO Nº 01,MAIPU NRO:1560 PISO:1,ROSARIO,2000,MAIPU,"MAIPU, ROSARIO, Argentina","Maipú, Martin, Rosario Centro, Distrito Centro, Rosario, Municipio de Rosario, Gran Rosario, Departamento Rosario, S2000, Argentina",-32.9526388,-60.6367128
CAPITAL FEDERAL Nº 063,LIBERTAD NRO:434 PISO:5 DTO/OF:53,CABA,1012,LIBERTAD DEPARTAMENTO/:,"LIBERTAD DEPARTAMENTO/:, CABA, Argentina",,,
OLIVOS Nº 09,BARREIRO AGUIRRE NRO:4167,OLIVOS,B1636CME,BARREIRO AGUIRRE,"BARREIRO AGUIRRE, OLIVOS, Argentina","Doctor Barreiro Aguirre, Villa Gándara, Olivos, Vicente López, Partido de Vicente López, Buenos Aires, B1605BNA, Argentina",-34.5082075,-58.5173268
MAR DEL PLATA Nº 08,DORREGO NRO:2826,MAR DEL PLATA,7600,DORREGO,"DORREGO, MAR DEL PLATA, Argentina","Coronel Dorrego, Mar del Plata, Partido de General Pueyrredón, Buenos Aires, Argentina",-37.9762661,-57.6021392
MAR DEL PLATA Nº 10,CORRIENTES NRO:1847 PISO:1,MAR DEL PLATA,7600,CORRIENTES,"CORRIENTES, MAR DEL PLATA, Argentina","Corrientes, Centro, Mar del Plata, Partido de General Pueyrredón, Buenos Aires, B7600DTR, Argentina",-38.0061749,-57.54813
CAPITAL FEDERAL Nº 018,ALSINA NRO:1290 PISO:8 DTO/OF:A-B,CABA,1075,ALSINA DEPARTAMENTO/:A-B,"ALSINA DEPARTAMENTO/:A-B, CABA, Argentina",,,
CAPITAL FEDERAL Nº 012,ALSINA NRO:1360 PISO:1,CABA,1085,ALSINA,"ALSINA, CABA, Argentina","Alsina, Metrobús 9 de Julio (Norte), Monserrat, Buenos Aires, Comuna 1, Ciudad Autónoma de Buenos Aires, C1084AAE, Argentina",-34.6109918,-58.3812423
CAPITAL FEDERAL Nº 066,CHACABUCO NRO:380 PISO:2,CABA,1069,CHACABUCO,"CHACABUCO, CABA, Argentina","Chacabuco, San Telmo, Buenos Aires, Distrito de Las Artes, Comuna 1, Ciudad Autónoma de Buenos Aires, 1154, Argentina",-34.6244043,-58.3754909
JESUS MARIA Nº 3,TUCUMAN NRO:533 PISO:1,JESUS MARIA,5220,TUCUMAN,"TUCUMAN, JESUS MARIA, Argentina","Tucumán, Centro, Jesús María, Municipio de Jesús María, Pedanía Las Cañas, Departamento Colón, Córdoba, X5111, Argentina",-30.9749097,-64.0943297
CAMPANA Nº 3,AVDA. SARMIENTO NRO:159,CAMPANA,2804,AVDA. SARMIENTO,"AVDA. SARMIENTO, CAMPANA, Argentina","Avenida Sarmiento, Bajo Grande, San Luis, Municipio de San Luis, Juan Martín de Pueyrredón, San Luis, 5702, Argentina",-33.3001174,-66.3220678
CAPITAL FEDERAL Nº 102,PIEDRAS NRO:383 PISO:5 DTO/OF:B,CABA,1070,PIEDRAS DEPARTAMENTO/:B,"PIEDRAS DEPARTAMENTO/:B, CABA, Argentina",,,
ROSARIO Nº 05,RIOJA NRO:935,ROSARIO,2000,RIOJA,"RIOJA, ROSARIO, Argentina","Rioja, Azcuénaga, Distrito Noroeste, Rosario, Municipio de Rosario, Gran Rosario, Departamento Rosario, S2008, Argentina",-32.9378418,-60.6984979
CAPILLA DEL SEÑOR,AMEGHINO NRO:790,CAPILLA DEL SENOR,2812,AMEGHINO,"AMEGHINO, CAPILLA DEL SENOR, Argentina","Ameghino, Marín, Capilla del Señor, Partido de Exaltación de la Cruz, Buenos Aires, B2812DII, Argentina",-34.2899888,-59.101168
LA PLATA Nº 14,CALLE 21 E/62 Y 63 NRO:1464,LA PLATA,1900,CALLE,"CALLE, LA PLATA, Argentina",,,
MAR DEL PLATA Nº 11,ALVARADO NRO:2857,MAR DEL PLATA,7600,ALVARADO,"ALVARADO, MAR DEL PLATA, Argentina","Alvarado, Bernardino Rivadavia, Mar del Plata, Partido de General Pueyrredón, Buenos Aires, 7600, Argentina",-37.9989476,-57.5769351
ARROYO SECO Nº 2,COLON NRO:292,ARROYO SECO,2128,COLON,"COLON, ARROYO SECO, Argentina","Colon, Arroyo Seco, Municipio de Arroyo Seco, Gran Rosario, Departamento Rosario, 2128DKB, Argentina",-33.1565099,-60.5029691
CAPITAL FEDERAL Nº 079,PARANA NRO:145 PISO:4 DTO/OF:16,CABA,1017,PARANA DEPARTAMENTO/:,"PARANA DEPARTAMENTO/:, CABA, Argentina",,,
GENERAL SAN MARTIN Nº 3,TOMAS THOMAS NRO:209,GENERAL SAN MARTIN,5570,TOMAS THOMAS,"TOMAS THOMAS, GENERAL SAN MARTIN, Argentina","Tomas Thomas, Distrito Ciudad de San Martín, Distrito Buen Orden, Departamento San Martín, Mendoza, 5570, Argentina",-33.0935437,-68.4485927
CAPITAL FEDERAL Nº 033,MEXICO NRO:628 PISO:5 DTO/OF:A,CABA,1091,MEXICO DEPARTAMENTO/:A,"MEXICO DEPARTAMENTO/:A, CABA, Argentina",,,
COSQUIN Nº 1,TUCUMAN NRO:324,COSQUIN,5166,TUCUMAN,"TUCUMAN, COSQUIN, Argentina","Tucumán, Onofre Marimón, Cosquín, Municipio de Cosquín, Pedanía Rosario, Departamento Punilla, Córdoba, X5166, Argentina",-31.2428013,-64.4644644
LA PLATA Nº 09,CALLE 5 E/ 68 Y 69 NRO:1785,LA PLATA,1900,CALLE,"CALLE, LA PLATA, Argentina",,,
MAR DEL PLATA Nº 01,DIAGONAL ALBERDI NRO:2633 PISO:2,MAR DEL PLATA,B7600GTF,DIAGONAL ALBERDI,"DIAGONAL ALBERDI, MAR DEL PLATA, Argentina","Avenida Diagonal Alberdi Sur, Centro, Mar del Plata, Partido de General Pueyrredón, Buenos Aires, B7600DRN, Argentina",-37.9984022,-57.5452705
CAPITAL FEDERAL Nº 032,ALSINA NRO:1290 PISO:8 DTO/OF:A-B,CABA,1075,ALSINA DEPARTAMENTO/:A-B,"ALSINA DEPARTAMENTO/:A-B, CABA, Argentina",,,
CAPITAL FEDERAL Nº 094,PARANA NRO:433 PISO:8 DTO/OF:D,CABA,1017,PARANA DEPARTAMENTO/:D,"PARANA DEPARTAMENTO/:D, CABA, Argentina",,,
COSQUIN Nº 2,AV. SAN MARTIN NRO:1276,COSQUIN,5166,AVENIDA. SAN MARTIN,"AVENIDA. SAN MARTIN, COSQUIN, Argentina","Avenida San Martín, Alto Miéres, Cosquín, Municipio de Cosquín, Pedanía Rosario, Departamento Punilla, Córdoba, X5166, Argentina",-31.2553815,-64.4667088
CAPITAL FEDERAL Nº 090,MONTEVIDEO NRO:527 PISO:1 DTO/OF:A,CABA,1019,MONTEVIDEO DEPARTAMENTO/:A,"MONTEVIDEO DEPARTAMENTO/:A, CABA, Argentina",,,
SAN ISIDRO Nº 04,BELGRANO NRO:333 PISO:1 DTO/OF:40,SAN ISIDRO,1642,BELGRANO DEPARTAMENTO/:,"BELGRANO DEPARTAMENTO/:, SAN ISIDRO, Argentina","Belgrano, San José, Municipio de Monterrico, Departamento El Carmen, Jujuy, 4608, Argentina",-24.4418215,-65.166398
LA PLATA Nº 11,CALLE 5 E/ 68 Y 69 NRO:1785,LA PLATA,1900,CALLE,"CALLE, LA PLATA, Argentina",,,
CAPITAL FEDERAL Nº 086,ALSINA NRO:655 PISO:2,CABA,1069,ALSINA,"ALSINA, CABA, Argentina","Alsina, Metrobús 9 de Julio (Norte), Monserrat, Buenos Aires, Comuna 1, Ciudad Autónoma de Buenos Aires, C1084AAE, Argentina",-34.6109918,-58.3812423
LUJAN Nº 1,COLON NRO:790,LUJAN,6700,COLON,"COLON, LUJAN, Argentina","Colón, 12 - Cristóbal Colón, San Cayetano, Luján Centro, Luján, Partido de Luján, Buenos Aires, 6700, Argentina",-34.569807,-59.1173482
SAN ISIDRO Nº 02,COSME BECCAR NRO:237,SAN ISIDRO,1642,COSME BECCAR,"COSME BECCAR, SAN ISIDRO, Argentina","Cosme Beccar, La Calabria, San Isidro, Partido de San Isidro, Buenos Aires, B1642DJA, Argentina",-34.4713471,-58.5135754
JESUS MARIA Nº 1,PASEO DE HUERTO NRO:213 PISO: DTO/OF:1,JESUS MARIA,5220,PASEO DE HUERTO PISO: DEPARTAMENTO/:,"PASEO DE HUERTO PISO: DEPARTAMENTO/:, JESUS MARIA, Argentina",,,
CAPITAL FEDERAL Nº 089,SAN JOSE NRO:352 PISO:4 DTO/OF:A,CABA,1076,SAN JOSE DEPARTAMENTO/:A,"SAN JOSE DEPARTAMENTO/:A, CABA, Argentina",,,
CAPITAL FEDERAL Nº 004,PARANA NRO:145 PISO:2 DTO/OF:A,CABA,1017,PARANA DEPARTAMENTO/:A,"PARANA DEPARTAMENTO/:A, CABA, Argentina",,,
CAPITAL FEDERAL Nº 048,PARAGUAY NRO:346 PISO:2,CABA,1392,PARAGUAY,"PARAGUAY, CABA, Argentina","Paraguay, Retiro, Buenos Aires, Comuna 1, Ciudad Autónoma de Buenos Aires, C1054AAF, Argentina",-34.5975443,-58.3761504
CAPITAL FEDERAL Nº 054,SAN JOSE NRO:352 PISO:3 DTO/OF:B,CABA,1076,SAN JOSE DEPARTAMENTO/:B,"SAN JOSE DEPARTAMENTO/:B, CABA, Argentina",,,
SAN ISIDRO Nº 08,ACASSUSO NRO:230 PISO:1 DTO/OF:A,SAN ISIDRO,1642,ACASSUSO DEPARTAMENTO/:A,"ACASSUSO DEPARTAMENTO/:A, SAN ISIDRO, Argentina",,,
MAR DEL PLATA Nº 13,LISANDRO DE LA TORRE NRO:102 PISO:PB,MAR DEL PLATA,7600,LISANDRO DE LA TORRE PISO:PB,"LISANDRO DE LA TORRE PISO:PB, MAR DEL PLATA, Argentina",,,
SANTO TOME,AV 7 DE MARZO NRO:1415,SANTO TOME,3016,AVENIDA DE MARZO,"AVENIDA DE MARZO, SANTO TOME, Argentina","Avenida 7 de Marzo, Centro, Municipio de Santo Tomé, Departamento La Capital, S3016, Argentina",-31.6677384,-60.7539773
SAN FERNANDO Nº 1,GARCIA MANSILLA NRO:2176,SAN FERNANDO,1646,GARCIA MANSILLA,"GARCIA MANSILLA, SAN FERNANDO, Argentina","Almirante García Mansilla, San Fernando, Partido de San Fernando, Buenos Aires, B1646GHR, Argentina",-34.4458523,-58.5567559
MUNICIPIO URBANO DE LA COSTA,LIBRES DEL SUR NRO:310,MAR DE AJO,7109,LIBRES DEL SUR,"LIBRES DEL SUR, MAR DE AJO, Argentina","Libres del Sur, Mar de Ajó, Partido de La Costa, Buenos Aires, 7109, Argentina",-36.7236182,-56.6794165
CAPITAL FEDERAL Nº 023,MEXICO NRO:628 PISO:6 DTO/OF:B,CABA,1076,MEXICO DEPARTAMENTO/:B,"MEXICO DEPARTAMENTO/:B, CABA, Argentina",,,
CAPITAL FEDERAL Nº 098,ADOLFO ALSINA NRO:655 PISO:4,CABA,1087,ADOLFO ALSINA,"ADOLFO ALSINA, CABA, Argentina","Adolfo Alsina, Monserrat, Buenos Aires, Comuna 1, Ciudad Autónoma de Buenos Aires, C1087AAB, Argentina",-34.610086,-58.3713489
SAN ISIDRO Nº 01,AVDA. SANTA FE NRO:2830,SAN ISIDRO,1640,AVDA. SANTA FE,"AVDA. SANTA FE, SAN ISIDRO, Argentina","Avenida Santa Fe, Barrio Carreras, San Isidro, Partido de San Isidro, Buenos Aires, B1641, Argentina",-34.479402,-58.5078283
OLIVOS Nº 07,AVDA. SAN MARTIN NRO:2061,VICENTE LOPEZ,1602,AVDA. SAN MARTIN,"AVDA. SAN MARTIN, VICENTE LOPEZ, Argentina",,,
SAN ISIDRO Nº 03,ITUZAINGO NRO:482 PISO:1,SAN ISIDRO,1642,ITUZAINGO,"ITUZAINGO, SAN ISIDRO, Argentina","Ituzaingó, Barrio Carreras, San Isidro, Partido de San Isidro, Buenos Aires, B1642CAQ, Argentina",-34.4711587,-58.5150985
ARROYO SECO Nº 1,SAN MARTIN NRO:732,ARROYO SECO,2128,SAN MARTIN,"SAN MARTIN, ARROYO SECO, Argentina","Plaza San Martín, Arroyo Seco, Municipio de Arroyo Seco, Gran Rosario, Departamento Rosario, Argentina",-33.1550632,-60.5042345
SAN LORENZO Nº 1,SARGENTO CABRAL NRO:154,SAN LORENZO,2200,SARGENTO CABRAL,"SARGENTO CABRAL, SAN LORENZO, Argentina","Sargento Cabral, San Lorenzo, Municipio de San Lorenzo, Gran Rosario, Departamento San Lorenzo, S2200, Argentina",-32.7501025,-60.7315708
CAPITAL FEDERAL Nº 099,SAN MARTIN NRO:575 PISO:1 DTO/OF:B,CABA,1004,SAN MARTIN DEPARTAMENTO/:B,"SAN MARTIN DEPARTAMENTO/:B, CABA, Argentina",,,
CAPITAL FEDERAL Nº 026,AV. DE MAYO NRO:1370 PISO:8 DTO/OF:221,CABA,1362,AVENIDA. DE MAYO DEPARTAMENTO/:,"AVENIDA. DE MAYO DEPARTAMENTO/:, CABA, Argentina",,,
MENDOZA Nº 14,PEDRO B. PALACIOS NRO:1174,MENDOZA,5500,PEDRO B. PALACIOS,"PEDRO B. PALACIOS, MENDOZA, Argentina","Pedro B. Palacios, 12 de Octubre, Distrito Vista Flores, Departamento Tunuyán, Mendoza, 5565, Argentina",-33.6462593,-69.1555319
BRANDSEN,PEDRO HITA (ESQ. RUTA 215) NRO:285,BRANDSEN,1980,PEDRO HITA (ESQ. RUTA ),"PEDRO HITA (ESQ. RUTA ), BRANDSEN, Argentina",,,
SAN LORENZO Nº 2,AV. SAN MARTIN NRO:926 PISO: DTO/OF:2,SAN LORENZO,2200,AVENIDA. SAN MARTIN PISO: DEPARTAMENTO/:,"AVENIDA. SAN MARTIN PISO: DEPARTAMENTO/:, SAN LORENZO, Argentina",,,
SAN FERNANDO Nº 2,JUNIN NRO:1291,SAN FERNANDO,1646,JUNIN,"JUNIN, SAN FERNANDO, Argentina","Junin, Avenida del Libertador, San Fernando, Partido de San Fernando, Buenos Aires, 1646, Argentina",-34.4384343,-58.556658
MENDOZA Nº 15,BELGRANO NRO:661 PISO:1,MENDOZA,5500,BELGRANO,"BELGRANO, MENDOZA, Argentina","Distrito Belgrano, Departamento Guaymallén, Mendoza, Argentina",-32.8841754,-68.7985897
NEUQUEN Nº 4,DIAG. 25 DE MAYO NRO:286 PISO:2,NEUQUEN,8300,DIAG. DE MAYO,"DIAG. DE MAYO, NEUQUEN, Argentina","Diagonal 25 de Mayo, Área Centro Este, Neuquén, Municipio de Neuquén, Departamento Confluencia, Neuquén, Q8300, Argentina",-38.9534103,-68.0568841
CAPITAL FEDERAL Nº 030,PARANA NRO:145 PISO:5 DTO/OF:22,CABA,1017,PARANA DEPARTAMENTO/:,"PARANA DEPARTAMENTO/:, CABA, Argentina",,,
CAPITAL FEDERAL Nº 097,AV. CORRIENTES NRO:2063 PISO:1 DTO/OF:35,CABA,C1045AAC,AVENIDA. CORRIENTES DEPARTAMENTO/:,"AVENIDA. CORRIENTES DEPARTAMENTO/:, CABA, Argentina",,,
CAPITAL FEDERAL Nº 051,PARANA (CONTRAFRENTE) NRO:145 PISO:4,CABA,1017,PARANA (CONTRAFRENTE),"PARANA (CONTRAFRENTE), CABA, Argentina",,,
CAPITAL FEDERAL Nº 081,PARANA NRO:145 PISO:1 DTO/OF:B,CABA,1017,PARANA DEPARTAMENTO/:B,"PARANA DEPARTAMENTO/:B, CABA, Argentina",,,
SAN LORENZO Nº 3,GENERAL LOPEZ NRO:1903,SAN LORENZO,2200,GENERAL LOPEZ,"GENERAL LOPEZ, SAN LORENZO, Argentina","General López, San Martín, 17 de Agosto, San Lorenzo, Municipio de San Lorenzo, Gran Rosario, Departamento San Lorenzo, S2200, Argentina",-32.7550697,-60.735424
CAPITAL FEDERAL Nº 050,PARANA NRO:754 PISO:3 DTO/OF:B,CABA,1017,PARANA DEPARTAMENTO/:B,"PARANA DEPARTAMENTO/:B, CABA, Argentina",,,
CAPITAL FEDERAL Nº 017,LIBERTAD NRO:434 PISO:3 DTO/OF:31,CABA,1012,LIBERTAD DEPARTAMENTO/:,"LIBERTAD DEPARTAMENTO/:, CABA, Argentina",,,
SAN CLEMENTE DEL TUYU,CALLE 1 NRO:1553,SAN CLEMENTE DEL TUYU,7105,CALLE,"CALLE, SAN CLEMENTE DEL TUYU, Argentina","Correo Argentino, 2037, Calle 4 Sur, Centro, San Clemente del Tuyú, Partido de La Costa, Buenos Aires, 7105, Argentina",-36.3596593,-56.7161571
SAN LORENZO Nº 4,AV. SAN MARTIN NRO:606,SAN LORENZO,S2200FMS,AVENIDA. SAN MARTIN,"AVENIDA. SAN MARTIN, SAN LORENZO, Argentina","Avenida San Martín, San Lorenzo, Municipio de San Lorenzo, Capital, Salta, 4401, Argentina",-24.7357814,-65.4872596
SANTA ROSA DEL RIO 1,BELGRANO NRO:454,SA. ROSA DEL RIO 1RO,5133,BELGRANO,"BELGRANO, SA. ROSA DEL RIO 1RO, Argentina",,,
MAGDALENA,RIVADAVIA NRO:1189,MAGDALENA,1913,RIVADAVIA,"RIVADAVIA, MAGDALENA, Argentina","Rivadavia, Bernardino Rivadavia, Magdalena, Partido de Magdalena, Buenos Aires, B1913, Argentina",-35.0807104,-57.5152423
SAN FERNANDO Nº 4,AV. PRESIDENTE PERON NRO:2230,VICTORIA,1235,AVENIDA. PRESIDENTE PERON,"AVENIDA. PRESIDENTE PERON, VICTORIA, Argentina","Avenida Presidente Teniente General Juan Domingo Perón, Punta Chica, Victoria, Partido de San Fernando, Buenos Aires, 1644, Argentina",-34.4550943,-58.536554
CAMPANA Nº 1,LUIS COSTA NRO:1003,CAMPANA,2804,LUIS COSTA,"LUIS COSTA, CAMPANA, Argentina","Luis Costa, Barrio Dálmine, Campana, Partido de Campana, Buenos Aires, 2804, Argentina",-34.1602549,-58.9749727
CAPITAL FEDERAL Nº 028,PARANA NRO:754 PISO:3,CABA,1017,PARANA,"PARANA, CABA, Argentina","Paraná, San Nicolás, Buenos Aires, Comuna 1, Ciudad Autónoma de Buenos Aires, C1033AAE, Argentina",-34.608862,-58.3876473
NAVARRO,CALLE 24 NRO:337 PISO:PB,NAVARRO,6605,CALLE PISO:PB,"CALLE PISO:PB, NAVARRO, Argentina",,,
CAPITAL FEDERAL Nº 095,JUAN D.PERON NRO:1615 PISO:1 DTO/OF:13,CABA,1037,JUAN D.PERON DEPARTAMENTO/:,"JUAN D.PERON DEPARTAMENTO/:, CABA, Argentina",,,
SAN FERNANDO Nº 3,LAVALLE NRO:443,SAN FERNANDO,1646,LAVALLE,"LAVALLE, SAN FERNANDO, Argentina","General Lavalle, San Fernando, Partido de San Fernando, Buenos Aires, B1646GHH, Argentina",-34.4460996,-58.5533333
CAMPANA Nº 2,RAWSON NRO:111,CAMPANA,2804,RAWSON,"RAWSON, CAMPANA, Argentina","Rawson, 9 de Julio, Campana, Partido de Campana, Buenos Aires, 2804, Argentina",-34.1846556,-58.9635636
VILLA CARLOS PAZ Nº 2,HOLBEIN - BARRIO BECCIU NRO:101,VILLA CARLOS PAZ,5152,HOLBEIN - BARRIO BECCIU,"HOLBEIN - BARRIO BECCIU, VILLA CARLOS PAZ, Argentina",,,
TIGRE Nº 6,SARMIENTO NRO:282,TIGRE,B1648BDB,SARMIENTO,"SARMIENTO, TIGRE, Argentina","Sarmiento, Tigre, Partido de Tigre, Buenos Aires, B1648FAO, Argentina",-34.4284445,-58.5781602
CORONEL VIDAL,GENERAL PAZ NRO:165,CORONEL VIDAL,7600,GENERAL PAZ,"GENERAL PAZ, CORONEL VIDAL, Argentina","General Paz, Coronel Vidal, Partido de Mar Chiquita, Buenos Aires, 7174, Argentina",-37.4433869,-57.729426
LUJAN Nº 3,RIVADAVIA NRO:779,LUJAN,6700,RIVADAVIA,"RIVADAVIA, LUJAN, Argentina","Rivadavia, Luján, Cuartel V, Partido de Moreno, Buenos Aires, 1743, Argentina",-34.5616418,-58.8130841
CAPITAL FEDERAL Nº 053,TACUARI NRO:163 PISO:2 DTO/OF:A,CABA,1071,TACUARI DEPARTAMENTO/:A,"TACUARI DEPARTAMENTO/:A, CABA, Argentina",,,
LOBOS,SAN MARTIN NRO:149,LOBOS,7240,SAN MARTIN,"SAN MARTIN, LOBOS, Argentina","San Martín, Villa Cattoni, Cuartel Las Chacras, Partido de Lobos, Buenos Aires, 7249, Argentina",-35.1497724,-59.0910143
VILLA CARLOS PAZ Nº 1,PELLEGRINI NRO:20,VILLA CARLOS PAZ,5152,PELLEGRINI,"PELLEGRINI, VILLA CARLOS PAZ, Argentina","Carlos Pellegrini, Villa Suiza, Villa Carlos Paz, Municipio de Villa Carlos Paz, Pedanía San Roque, Departamento Punilla, Córdoba, X5166, Argentina",-31.4147624,-64.4994789
NEUQUEN Nº 3,JUJUY NRO:965,NEUQUEN,8300,JUJUY,"JUJUY, NEUQUEN, Argentina","Jujuy, Fonavi, Área Centro Oeste, Neuquén, Municipio de Neuquén, Departamento Confluencia, Neuquén, Q8300, Argentina",-38.9447052,-68.0676153
OLIVOS Nº 04,CAPITAN BERMUDEZ NRO:1531 PISO:PB,OLIVOS,1636,CAPITAN BERMUDEZ PISO:PB,"CAPITAN BERMUDEZ PISO:PB, OLIVOS, Argentina",,,
OLIVOS Nº 02,CARLOS GARDEL NRO:3040,OLIVOS,1636,CARLOS GARDEL,"CARLOS GARDEL, OLIVOS, Argentina","Carlos Gardel, Loma de Roca, Olivos, Loma de Roca, Vicente López, Partido de Vicente López, Buenos Aires, B1636EMA, Argentina",-34.5058836,-58.5044726
SANTA FE Nº 6,SAN MARTIN NRO:1961 PISO: DTO/OF:10,SANTA FE,3000,SAN MARTIN PISO: DEPARTAMENTO/:,"SAN MARTIN PISO: DEPARTAMENTO/:, SANTA FE, Argentina",,,
SAN ISIDRO Nº 09,ACASSUSO NRO:230 PISO:1 DTO/OF:A,SAN ISIDRO,1642,ACASSUSO DEPARTAMENTO/:A,"ACASSUSO DEPARTAMENTO/:A, SAN ISIDRO, Argentina",,,
CIPOLLETTI Nº 2,ROCA NRO:921,CIPOLLETTI,8324,ROCA,"ROCA, CIPOLLETTI, Argentina","Ex Canal Roca, Manzanar 6, El Manzanar, Cipolletti, Municipio de Cipolletti, Departamento General Roca, Río Negro, R8324, Argentina",-38.9567221,-67.9813231
NEUQUEN Nº 2,AV. OLASCOAGA NRO:1080,NEUQUEN,8300,AVENIDA. OLASCOAGA,"AVENIDA. OLASCOAGA, NEUQUEN, Argentina","Avenida Olascoaga, Jardines del Rey, Río Grande, Neuquén, Municipio de Neuquén, Departamento Confluencia, Neuquén, Q8300, Argentina",-38.9723412,-68.0591444
CAPITAL FEDERAL Nº 042,TACUARI NRO:163 PISO:2 DTO/OF:B,CABA,1071,TACUARI DEPARTAMENTO/:B,"TACUARI DEPARTAMENTO/:B, CABA, Argentina",,,
CAPITAL FEDERAL Nº 022,LAVALLE NRO:1759 PISO:7 DTO/OF:B,CABA,1048,LAVALLE DEPARTAMENTO/:B,"LAVALLE DEPARTAMENTO/:B, CABA, Argentina",,,
CONCEPCION DEL URUGUAY Nº 2,J. J. URQUIZA NRO:65,CONCEP.DEL URUGUAY,3260,J. J. URQUIZA,"J. J. URQUIZA, CONCEP.DEL URUGUAY, Argentina",,,
CAPITAL FEDERAL Nº 076,AV.CORRIENTES NRO:848 PISO:3 DTO/OF:301,CABA,1012,AVENIDACORRIENTES DEPARTAMENTO/:,"AVENIDACORRIENTES DEPARTAMENTO/:, CABA, Argentina",,,
CAPITAL FEDERAL Nº 096,PARANA NRO:145 PISO:3 DTO/OF:14,CABA,1017,PARANA DEPARTAMENTO/:,"PARANA DEPARTAMENTO/:, CABA, Argentina",,,
CAPITAL FEDERAL Nº 031,SAN JOSE NRO:352 PISO:6 DTO/OF:B,CABA,1076,SAN JOSE DEPARTAMENTO/:B,"SAN JOSE DEPARTAMENTO/:B, CABA, Argentina",,,
SAN ISIDRO Nº 07,AV. MARQUEZ NRO:39 PISO:1,SAN ISIDRO,1642,AVENIDA. MARQUEZ,"AVENIDA. MARQUEZ, SAN ISIDRO, Argentina","Avenida Márquez, Avenida Sir Alexander Fleming, Barrio Carreras, San Isidro, Partido de San Isidro, Buenos Aires, B1640FVB, Argentina",-34.4829698,-58.5273163
NEUQUEN Nº 5,EDUARDO TALERO NRO:375 PISO:1 DTO/OF:A,NEUQUEN,8300,EDUARDO TALERO DEPARTAMENTO/:A,"EDUARDO TALERO DEPARTAMENTO/:A, NEUQUEN, Argentina","Eduardo Talero, Área Centro Este, Neuquén, Municipio de Neuquén, Departamento Confluencia, Neuquén, Q8300BMH, Argentina",-38.949695,-68.0548263
NEUQUEN Nº 1,SALTA NRO:512,NEUQUEN,8300,SALTA,"SALTA, NEUQUEN, Argentina","Salta, Fonavi, Área Centro Oeste, Neuquén, Municipio de Neuquén, Departamento Confluencia, Neuquén, Q8300, Argentina",-38.9457758,-68.0662676
CHASCOMUS,ALVEAR NRO:99,CHASCOMUS,7130,ALVEAR,"ALVEAR, CHASCOMUS, Argentina","Alvear, Centro, Chascomús, Partido de Chascomús, Buenos Aires, 7130, Argentina",-35.5727966,-58.013313
SAN AGUSTIN,AMADEO SABATTINI,SAN AGUSTIN,5191,AMADEO SABATTINI,"AMADEO SABATTINI, SAN AGUSTIN, Argentina","Amadeo Sabattini, San Agustín, Municipio de San Agustín, Pedanía Molinos, Departamento Calamuchita, Córdoba, X5191, Argentina",-31.9775506,-64.3739354
OLIVOS Nº 03,CARLOS GARDEL NRO:3040,OLIVOS,1636,CARLOS GARDEL,"CARLOS GARDEL, OLIVOS, Argentina","Carlos Gardel, Loma de Roca, Olivos, Loma de Roca, Vicente López, Partido de Vicente López, Buenos Aires, B1636EMA, Argentina",-34.5058836,-58.5044726
GENERAL SAN MARTIN Nº 2,ALBUERA NRO:532,GRAL. SAN MARTIN,5570,ALBUERA,"ALBUERA, GRAL. SAN MARTIN, Argentina",,,
CAPITAL FEDERAL Nº 083,SARMIENTO NRO:640 PISO:3 DTO/OF:B,CABA,1041,SARMIENTO DEPARTAMENTO/:B,"SARMIENTO DEPARTAMENTO/:B, CABA, Argentina",,,
BARADERO,ARAOZ NRO:836,BARADERO,2942,ARAOZ,"ARAOZ, BARADERO, Argentina","Araoz, Maipu, Baradero, Partido de Baradero, Buenos Aires, B2942EEQ, Argentina",-33.8028343,-59.5010225
GENERAL SAN MARTIN Nº 1,ALBUERA NRO:554 PISO: DTO/OF:,GRAL.SAN MARTIN,5570,ALBUERA PISO: DEPARTAMENTO/:,"ALBUERA PISO: DEPARTAMENTO/:, GRAL.SAN MARTIN, Argentina",,,
SANTA FE Nº 4,25 DE MAYO NRO:2779,SANTA FE,3000,DE MAYO,"DE MAYO, SANTA FE, Argentina",,,
CAPITAL FEDERAL Nº 100,AV. BELGRANO NRO:845 PISO:5 DTO/OF:A,CABA,C1092AAI,AVENIDA. BELGRANO DEPARTAMENTO/:A,"AVENIDA. BELGRANO DEPARTAMENTO/:A, CABA, Argentina",,,
SAN COSME,VALENZUELA (E/ M. DE LOS RIOS Y ELENA OZUNA),SAN COSME,3412,VALENZUELA (. DE LOS RIOS Y ELENA OZUNA),"VALENZUELA (. DE LOS RIOS Y ELENA OZUNA), SAN COSME, Argentina",,,
OLIVOS Nº 01,CARLOS GARDEL NRO:1888,OLIVOS,1636,CARLOS GARDEL,"CARLOS GARDEL, OLIVOS, Argentina","Carlos Gardel, Loma de Roca, Olivos, Loma de Roca, Vicente López, Partido de Vicente López, Buenos Aires, B1636EMA, Argentina",-34.5058836,-58.5044726
CAPITAL FEDERAL Nº 019,AV.CORDOBA NRO:1439 PISO:2 DTO/OF:47,CABA,1050,AVENIDACORDOBA DEPARTAMENTO/:,"AVENIDACORDOBA DEPARTAMENTO/:, CABA, Argentina",,,
SANTA FE Nº 7,9 DE JULIO NRO:2279,SANTA FE,3000,DE JULIO,"DE JULIO, SANTA FE, Argentina",,,
SANTA FE Nº 5,MORENO NRO:2469,SANTA FE,3000,MORENO,"MORENO, SANTA FE, Argentina","Moreno, Centro, Santa Fe, Santa Fe Capital, Departamento La Capital, S3000, Argentina",-31.6534666,-60.7167917
CAPITAL FEDERAL Nº 021,LAVALLE NRO:1759 PISO:4 DTO/OF:B,CABA,1035,LAVALLE DEPARTAMENTO/:B,"LAVALLE DEPARTAMENTO/:B, CABA, Argentina",,,
CAPITAL FEDERAL Nº 087,AV. CORRIENTES NRO:617 PISO:5,CABA,1043,AVENIDA. CORRIENTES,"AVENIDA. CORRIENTES, CABA, Argentina","Avenida Corrientes, San Nicolás, Buenos Aires, Comuna 1, Ciudad Autónoma de Buenos Aires, C1043ABA, Argentina",-34.6039009,-58.3858459
CAPITAL FEDERAL Nº 020,ALSINA NRO:1360 PISO:2 DTO/OF:209,CABA,1076,ALSINA DEPARTAMENTO/:,"ALSINA DEPARTAMENTO/:, CABA, Argentina",,,
CIPOLLETTI Nº 1,ROCA NRO:875,CIPOLLETTI,8324,ROCA,"ROCA, CIPOLLETTI, Argentina","Ex Canal Roca, Manzanar 6, El Manzanar, Cipolletti, Municipio de Cipolletti, Departamento General Roca, Río Negro, R8324, Argentina",-38.9567221,-67.9813231
RIO SEGUNDO Nº 1,LEANDRO ALEM NRO:940,RIO SEGUNDO,5960,LEANDRO ALEM,"LEANDRO ALEM, RIO SEGUNDO, Argentina","Bulevar Leandro Nicéforo Alem, Barrio Centro, Río Segundo, Municipio de Río Segundo, Pedanía Pilar, Departamento Río Segundo, Córdoba, X5960, Argentina",-31.6511025,-63.9094635
CORDOBA Nº 26,HECTOR PANIZA NRO:1874,CORDOBA,X5010AVP,HECTOR PANIZA,"HECTOR PANIZA, CORDOBA, Argentina","Héctor Paniza, San Rafael, Córdoba, Municipio de Córdoba, Pedanía Capital, Departamento Capital, Córdoba, X5000, Argentina",-31.4268206,-64.2225432
RIVADAVIA,WENCESLAO NUNEZ NRO:1486,RIVADAVIA,5577,WENCESLAO NUNEZ,"WENCESLAO NUNEZ, RIVADAVIA, Argentina","Wenceslao Nuñez, Bº San Isidro Sur, Rivadavia, Distrito Ciudad de Rivadavia, Departamento Rivadavia, Mendoza, 5577, Argentina",-33.1935275,-68.4623628
RIO SEGUNDO Nº 2,BLVD. SARMIENTO ESQ. CALLE PUBLICA,RIO SEGUNDO,X5960EFD,BLVD. SARMIENTO ESQ. CALLE PUBLICA,"BLVD. SARMIENTO ESQ. CALLE PUBLICA, RIO SEGUNDO, Argentina",,,
CAPITAL FEDERAL Nº 057,PARANA NRO:754 PISO:1 DTO/OF:A,CABA,1017,PARANA DEPARTAMENTO/:A,"PARANA DEPARTAMENTO/:A, CABA, Argentina",,,
JESUS MARIA Nº 2,BV.EUSEBIO AGUERO NRO:223,JESUS MARIA,5220,BV.EUSEBIO AGUERO,"BV.EUSEBIO AGUERO, JESUS MARIA, Argentina",,,
SANTA FE Nº 3,4 DE ENERO NRO:1744,SANTA FE,3000,DE ENERO,"DE ENERO, SANTA FE, Argentina","1 de Enero, Santa Fe, Santa Fe Capital, Departamento La Capital, S3000, Argentina",-31.6529064,-60.6990891
CAPITAL FEDERAL Nº 049,PARANA NRO:145 PISO:6 DTO/OF:FTE,CABA,1076,PARANA DEPARTAMENTO/:FTE,"PARANA DEPARTAMENTO/:FTE, CABA, Argentina",,,
GUALEGUAYCHU Nº 2,HIPOLITO YRIGOYEN NRO:34,GUALEGUAYCHU,E2820FDC,HIPOLITO YRIGOYEN,"HIPOLITO YRIGOYEN, GUALEGUAYCHU, Argentina","Bulevar Hipólito Yrigoyen, Municipio de Urdinarrain, Distrito Pehuajó al Norte, Departamento Gualeguaychú, Argentina",-32.6926284,-58.8895775
CRUZ DEL EJE,SAN MARTIN NRO:365,CRUZ DEL EJE,5280,SAN MARTIN,"SAN MARTIN, CRUZ DEL EJE, Argentina","San Martín, Cruz del Eje, Municipio de Cruz del Eje, Pedanía Cruz del Eje, Departamento Cruz del Eje, Córdoba, X5280, Argentina",-30.7205957,-64.8056565
VILLA CONSTITUCION Nº 2,INDEPENDENCIA NRO:1106 PISO:PB,VILLA CONSTITUCION,2919,INDEPENDENCIA PISO:PB,"INDEPENDENCIA PISO:PB, VILLA CONSTITUCION, Argentina",,,
VILLA GESELL,AVDA 5 NRO:776,VILLA GESELL,7165,AVDA,"AVDA, VILLA GESELL, Argentina","Banco Nación, 906, Avenida 3, Zona Sur, Villa Gesell, Partido de Villa Gesell, Buenos Aires, B7165, Argentina",-37.2617519,-56.9725641
NECOCHEA Nº 2,CALLE 62 NRO:2726,NECOCHEA,7630,CALLE,"CALLE, NECOCHEA, Argentina","Banco Nación, 302, Calle 83, Necochea, Partido de Necochea, Buenos Aires, 7630, Argentina",-38.5805793,-58.7301174
MERCEDES Nº 1,CALLE 32 NRO:713,MERCEDES,6600,CALLE,"CALLE, MERCEDES, Argentina",,,
CAPITAL FEDERAL Nº 072,AV. BELGRANO NRO:1217 PISO:2 DTO/OF:28,CABA,1094,AVENIDA. BELGRANO DEPARTAMENTO/:,"AVENIDA. BELGRANO DEPARTAMENTO/:, CABA, Argentina",,,
DEAN FUNES,9 DE JULIO NRO:76,DEAN FUNES,5200,DE JULIO,"DE JULIO, DEAN FUNES, Argentina","Parque B° 9 de Julio, Deán Funes, Municipio de Deán Funes, Pedanía Toyos, Departamento Ischilín, Córdoba, 5200, Argentina",-30.4349576,-64.3550561
VILLA CONSTITUCION Nº 1,ENTRE RIOS NRO:470,VILLA CONSTITUCION,2919,ENTRE RIOS,"ENTRE RIOS, VILLA CONSTITUCION, Argentina","Entre Ríos, Stella Maris, Centro, Villa Constitución, Municipio de Villa Constitución, Departamento Constitución, S2919, Argentina",-33.2302231,-60.3314619
MONTE,H.YRIGOYEN NRO:446 PISO:1,MONTE,7220,H.YRIGOYEN,"H.YRIGOYEN, MONTE, Argentina","Hipólito Yrigoyen, Monte Grande, Partido de Esteban Echeverría, Buenos Aires, B1842, Argentina",-34.8142273,-58.4644159
SANTA FE Nº 1,ZAZPE NRO:3252,SANTA FE,3000,ZAZPE,"ZAZPE, SANTA FE, Argentina","Mons.Zazpe Bis, 12 de Octubre, Santa Fe, Santa Fe Capital, Departamento La Capital, S3000, Argentina",-31.6508949,-60.73394
SAN CARLOS DE BARILOCHE Nº 2,QUAGLIA NRO:410 PISO:P.B,BARILOCHE,8400,QUAGLIA PISO:P.B,"QUAGLIA PISO:P.B, BARILOCHE, Argentina",,,
NEUQUEN Nº 6,AVDA. ARGENTINA NRO:480/4 PISO:2,NEUQUEN,8300,AVDA. ARGENTINA /,"AVDA. ARGENTINA /, NEUQUEN, Argentina","Avenida Argentina, Área Centro Este, Neuquén, Municipio de Neuquén, Departamento Confluencia, Neuquén, Q8300, Argentina",-38.9501604,-68.0589628
SANTA FE Nº 2,ZAZPE NRO:3252,SANTA FE,3000,ZAZPE,"ZAZPE, SANTA FE, Argentina","Mons.Zazpe Bis, 12 de Octubre, Santa Fe, Santa Fe Capital, Departamento La Capital, S3000, Argentina",-31.6508949,-60.73394
MERCEDES Nº 2,CALLE 24 NRO:792,MERCEDES,6600,CALLE,"CALLE, MERCEDES, Argentina",,,
CAPITAL FEDERAL Nº 082,TUCUMAN NRO:715 PISO:2 DTO/OF:A,CABA,1049,TUCUMAN DEPARTAMENTO/:A,"TUCUMAN DEPARTAMENTO/:A, CABA, Argentina",,,
SUNCHALES,25 DE MAYO NRO:255,SUNCHALES,2322,DE MAYO,"DE MAYO, SUNCHALES, Argentina","25 de Mayo, Centro, Sunchales, Municipio de Sunchales, Departamento Castellanos, S2322ATA, Argentina",-30.944051,-61.5610316
PINAMAR,CONSTITUCION NRO:951 PISO:1 DTO/OF:4,PINAMAR,7167,CONSTITUCION DEPARTAMENTO/:,"CONSTITUCION DEPARTAMENTO/:, PINAMAR, Argentina",,,
TUNUYAN,SARMIENTO NRO:80,TUNUYAN,5560,SARMIENTO,"SARMIENTO, TUNUYAN, Argentina","Sarmiento, Distrito Ciudad de Tunuyán, Departamento Tunuyán, Mendoza, M5560EVZ, Argentina",-33.5782508,-69.0069425
CAPITAL FEDERAL Nº 073,PIEDRAS NRO:113 PISO:5 DTO/OF:2,CABA,1070,PIEDRAS DEPARTAMENTO/:,"PIEDRAS DEPARTAMENTO/:, CABA, Argentina",,,
PLOTTIER Nº 1,ALBERDI NRO:45,PLOTTIER,8316,ALBERDI,"ALBERDI, PLOTTIER, Argentina","Altos de Alberdi, Plottier, Municipio de Plottier, Departamento Confluencia, Neuquén, Argentina",-38.9535019,-68.2016069
ESQUINA,SENADOR MANCINI Y BELGRANO,ESQUINA,W3196AKO,SENADOR MANCINI Y BELGRANO,"SENADOR MANCINI Y BELGRANO, ESQUINA, Argentina",,,
SAN NICOLAS Nº 2,DE LA NACION NRO:473 PISO:PA,SAN NICOLAS,2900,DE LA NACION PISO:PA,"DE LA NACION PISO:PA, SAN NICOLAS, Argentina",,,
NECOCHEA Nº 3,DIAGONAL SAN MARTIN NRO:1226,NECOCHEA,7630,DIAGONAL SAN MARTIN,"DIAGONAL SAN MARTIN, NECOCHEA, Argentina","Diagonal San Martín, Necochea, Partido de Necochea, Buenos Aires, B7632FMF, Argentina",-38.575572,-58.7293878
TILISARAO,SAN MARTÍN NRO:741,TILISARAO,5773,SAN MARTÍN,"SAN MARTÍN, TILISARAO, Argentina","San Martín, Tilisarao, Municipio de Tilisarao, Chacabuco, San Luis, Argentina",-32.7287817,-65.2901801
GUALEGUAYCHU Nº 1,RUCCI NRO:30,GUALEGUAYCHU,2820,RUCCI,"RUCCI, GUALEGUAYCHU, Argentina","Rucci, Barrio oeste, Límite de Ejido de Municipio de Gualeguaychú, Distrito Costa Uruguay Sur, Departamento Gualeguaychú, 2820, Argentina",-33.0127682,-58.52222
TRELEW Nº 1,SARMIENTO NRO:440,TRELEW,9100,SARMIENTO,"SARMIENTO, TRELEW, Argentina","Sarmiento, Presidente Dr. Raúl Ricardo Alfonsín, Trelew, Municipio de Trelew, Departamento Rawson, Chubut, U9100, Argentina",-43.2526623,-65.3039016
NECOCHEA Nº 1,CALLE 67 NRO:2780,NECOCHEA,7630,CALLE,"CALLE, NECOCHEA, Argentina","Banco Nación, 302, Calle 83, Necochea, Partido de Necochea, Buenos Aires, 7630, Argentina",-38.5805793,-58.7301174
SAN CARLOS DE BARILOCHE Nº 1,J.J.PASO NRO:101 PISO:PB,BARILOCHE,8400,J.J.PASO PISO:PB,"J.J.PASO PISO:PB, BARILOCHE, Argentina",,,
PLOTTIER Nº 2,AV. RIAVITZ NRO:206,PLOTTIER,8316,AVENIDA. RIAVITZ,"AVENIDA. RIAVITZ, PLOTTIER, Argentina","Avenida Riavitz, Rossel, Plottier, Municipio de Plottier, Departamento Confluencia, Neuquén, Q8316, Argentina",-38.9612622,-68.2263797
SAN NICOLAS Nº 1,SARMIENTO NRO:173,SAN NICOLAS,2900,SARMIENTO,"SARMIENTO, SAN NICOLAS, Argentina","Sarmiento, San Nicolás, Buenos Aires, Comuna 1, Ciudad Autónoma de Buenos Aires, 1017, Argentina",-34.6053993,-58.3886237
GENERAL BELGRANO,RONDEAU NRO:187,GENERAL BELGRANO,7223,RONDEAU,"RONDEAU, GENERAL BELGRANO, Argentina","Rondeau, General Belgrano, Partido de General Belgrano, Buenos Aires, B7223, Argentina",-35.7704097,-58.4914587
MINA CLAVERO,AV. MITRE NRO:1719,MINA CLAVERO,5889,AVENIDA. MITRE,"AVENIDA. MITRE, MINA CLAVERO, Argentina","Avenida Mitre, Mina Clavero, Municipio de Mina Clavero, Pedanía Tránsito, Departamento San Alberto, Córdoba, X5891, Argentina",-31.7267533,-65.0060937
GENERAL ROCA Nº 2,SANTA CRUZ (ESQ. ARTIGAS) NRO:1102,GENERAL ROCA,8332,SANTA CRUZ (ESQ. ARTIGAS),"SANTA CRUZ (ESQ. ARTIGAS), GENERAL ROCA, Argentina",,,
SAN ANTONIO DE ARECO,MORENO NRO:335,SAN ANTONIO DE ARECO,2760,MORENO,"MORENO, SAN ANTONIO DE ARECO, Argentina","Mariano Moreno, San Antonio de Areco, Partido de San Antonio de Areco, Buenos Aires, B2760AJJ, Argentina",-34.2504103,-59.4748086
SAN CARLOS DE BARILOCHE Nº 3,SARMIENTO NRO:765,BARILOCHE,8400,SARMIENTO,"SARMIENTO, BARILOCHE, Argentina","Domingo Faustino Sarmiento, Anasagasti, San Carlos de Bariloche, Municipio de San Carlos de Bariloche, Departamento Bariloche, Río Negro, 8400, Argentina",-41.1411669,-71.2938092
SAN ANDRES DE GILES,MORENO NRO:559,SAN ANDRES DE GILES,6720,MORENO,"MORENO, SAN ANDRES DE GILES, Argentina","12 - Moreno, Centro, San Andrés de Giles, Partido de San Andrés de Giles, Buenos Aires, 6720, Argentina",-34.4422306,-59.4463666
VILLA DOLORES,AV. ESPAÑA NRO:65,VILLA DOLORES,5870,AVENIDA. ESPAÑA,"AVENIDA. ESPAÑA, VILLA DOLORES, Argentina","Avenida España, Villa Dolores, Municipio de Villa Dolores, Pedanía Dolores, Departamento San Javier, Córdoba, X5870, Argentina",-31.9486064,-65.1826205
PASO DE LOS LIBRES,COLON NRO:936 PISO:1,PASO DE LOS LIBRES,3230,COLON,"COLON, PASO DE LOS LIBRES, Argentina","Colón, Centro de la Ciudad, Barrio Santa Rosa, Municipio de Paso de los Libres, Departamento Paso de los Libres, Corrientes, W3230FLP, Argentina",-29.712781,-57.0887293
EMBALSE,FACUNDO QUIROGA NRO:27,EMBALSE,5856,FACUNDO QUIROGA,"FACUNDO QUIROGA, EMBALSE, Argentina","Facundo Quiroga, Embalse, Municipio de Embalse, Pedanía Cóndores, Departamento Calamuchita, Córdoba, X5858, Argentina",-32.2167416,-64.3900268
CENTENARIO Nº 1,SAN JUAN BOSCO NRO. NRO:344,CENTENARIO,8309,SAN JUAN BOSCO,"SAN JUAN BOSCO, CENTENARIO, Argentina","San Juan Bosco, Casco Viejo, Centenario, Municipio de Centenario, Departamento Confluencia, Neuquén, 8309, Argentina",-38.8302359,-68.1191242
SAN LUIS Nº 3,CONSTITUCION NRO:411,SAN LUIS,5700,CONSTITUCION,"CONSTITUCION, SAN LUIS, Argentina","Constitución, Cuatro Avenidas, Antártida Argentina, San Luis, Municipio de San Luis, Juan Martín de Pueyrredón, San Luis, D5702JRP, Argentina",-33.2970265,-66.3452464
SAN MARTIN (TARTAGAL),9 DE JULIO NRO:301,TARTAGAL,4560,DE JULIO,"DE JULIO, TARTAGAL, Argentina","9 de Julio, Tartagal, Municipio de Tartagal, General San Martín, Salta, Argentina",-22.5012298,-63.806571
OLAVARRIA Nº 1,AV. COLON NRO:3020,OLAVARRIA,7400,AVENIDA. COLON,"AVENIDA. COLON, OLAVARRIA, Argentina","Avenida Colón, Luján, Olavarría, Partido de Olavarría, Buenos Aires, 7450, Argentina",-36.8962982,-60.3094294
CINCO SALTOS,SAN MARTIN NRO:305,CINCO SALTOS,8303,SAN MARTIN,"SAN MARTIN, CINCO SALTOS, Argentina","San Martín, Cinco Saltos, Municipio de Cinco Saltos, Departamento General Roca, Río Negro, Argentina",-38.8161964,-68.0685571
SAN FRANCISCO Nº 1,PASAJE C.NEWTON NRO:1865 PISO:PB,SAN FRANCISCO,2400,PASAJE C.NEWTON PISO:PB,"PASAJE C.NEWTON PISO:PB, SAN FRANCISCO, Argentina",,,
GENERAL ROCA Nº 1,AVDA. ROCA NRO:1955,GENERAL ROCA,8332,AVDA. ROCA,"AVDA. ROCA, GENERAL ROCA, Argentina","Avenida Roca, Quinta 25, General Roca, Municipio de General Roca, Departamento General Roca, Río Negro, 8332, Argentina",-39.0009151,-67.5700557
COMODORO RIVADAVIA Nº 3,ESPAÑA NRO:726,COMODORO RIVADAVIA,9000,ESPAÑA,"ESPAÑA, COMODORO RIVADAVIA, Argentina","España, Centro, Municipio de Comodoro Rivadavia, Departamento Escalante, Chubut, 9000, Argentina",-45.8628491,-67.4822852
TANDIL Nº 3,9 DE JULIO NRO:325,TANDIL,7000,DE JULIO,"DE JULIO, TANDIL, Argentina","14 de Julio, Centro, Cuatro Avenidas, Tandil, Partido de Tandil, Buenos Aires, B7000GKN, Argentina",-37.3314541,-59.1384917
SANTIAGO DEL ESTERO Nº 2,AV. ROCA (SUR) NRO:955,SANTIAGO DEL ESTERO,4200,AVENIDA. ROCA (SUR),"AVENIDA. ROCA (SUR), SANTIAGO DEL ESTERO, Argentina","Avenida Roca Sur, Barrio Centro, Santiago del Estero, Municipio de Santiago del Estero, Departamento Juan Francisco Borges, Santiago del Estero, G4200, Argentina",-27.7826576,-64.2585447
ZAPALA,ISRAEL NRO:1024,ZAPALA,8340,ISRAEL,"ISRAEL, ZAPALA, Argentina","Israel, Don Bosco, Zapala, Municipio de Zapala, Departamento Zapala, Neuquén, Q8340, Argentina",-38.9015703,-70.0582892
CHIVILCOY Nº 1,9 DE JULIO NRO:76,CHIVILCOY,6620,DE JULIO,"DE JULIO, CHIVILCOY, Argentina","Plaza 9 de Julio, Chivilcoy, Partido de Chivilcoy, Buenos Aires, Argentina",-34.9037676,-60.0261263
CHACABUCO,ITALIA NRO:40,CHACABUCO,B6740ADB,ITALIA,"ITALIA, CHACABUCO, Argentina","Italia, Barrio San Antonio, Chacabuco, Partido de Chacabuco, Buenos Aires, 6740, Argentina",-34.6600449,-60.4514227
"TRES ARROYOS Nº 2, LAVALLE NRO",165,TRES ARROYOS,7500,,", TRES ARROYOS, Argentina","Tres Arroyos, Partido de Tres Arroyos, Buenos Aires, Argentina",-38.3770014,-60.2755685
PERGAMINO Nº 2,ITALIA NRO:763,PERGAMINO,2700,ITALIA,"ITALIA, PERGAMINO, Argentina","Italia, Centenario, Pergamino, Partido de Pergamino, Buenos Aires, B2700KIU, Argentina",-33.904203,-60.5812527
BALCARCE,CALLE 21 NRO:758,BALCARCE,7620,CALLE,"CALLE, BALCARCE, Argentina","Banco Nación, 551, Calle 15, Veteranos de Malvinas, San José de Balcarce, Partido de Balcarce, Buenos Aires, 7620, Argentina",-37.8447826,-58.2552848
DOLORES,SAN MARTIN NRO:320,DOLORES,7100,SAN MARTIN,"SAN MARTIN, DOLORES, Argentina","San Martín, San Cayetano, Dolores, Partido de Dolores, Buenos Aires, B7100, Argentina",-36.3106798,-57.6651626
TUCUMAN Nº 7,MARCOS PAZ NRO:1353,TUCUMAN,4000,MARCOS PAZ,"MARCOS PAZ, TUCUMAN, Argentina","Marcos Paz, Yerba Buena, Departamento Yerba Buena, Tucumán, T4107, Argentina",-26.816667,-65.283333
PERGAMINO Nº 3,CALLE MERCED NRO:174,PERGAMINO,2700,CALLE MERCED,"CALLE MERCED, PERGAMINO, Argentina",,,
TANDIL Nº 2,HIPOLITO YRIGOYEN NRO:1674,TANDIL,7000,HIPOLITO YRIGOYEN,"HIPOLITO YRIGOYEN, TANDIL, Argentina","Hipólito Yrigoyen, Uriburu Norte, La Estación, Cuatro Avenidas, Tandil, Partido de Tandil, Buenos Aires, B7000GKN, Argentina",-37.3165421,-59.1415737
PUERTO MADRYN Nº 1,MOSCONI NRO:80,PUERTO MADRYN,9120,MOSCONI,"MOSCONI, PUERTO MADRYN, Argentina","Mosconi, Parry Madryn, Municipio de Puerto Madryn, Departamento Biedma, Chubut, U9120, Argentina",-42.762322,-65.03949
RAWSON,JOHN PARRY MADRYN NRO:225,RAWSON,9103,JOHN PARRY MADRYN,"JOHN PARRY MADRYN, RAWSON, Argentina","John Parry Madryn, Área 7, Rawson, Municipio de Rawson, Departamento Rawson, Chubut, U9103, Argentina",-43.2976205,-65.0985809
TUCUMAN Nº 5,ESPAÑA NRO:28,TUCUMAN,4000,ESPAÑA,"ESPAÑA, TUCUMAN, Argentina","España, Barrio Norte, San Miguel de Tucumán, Departamento Capital, Tucumán, T4000, Argentina",-26.8166302,-65.2052565
CORRIENTES Nº 4,JUNIN NRO:1744,CORRIENTES,3400,JUNIN,"JUNIN, CORRIENTES, Argentina","Junin, Barrio Santa Lucia, Municipio de Bella Vista, Departamento Bella Vista, Corrientes, 3432, Argentina",-28.5212976,-59.0526816
CORRIENTES Nº 5,AV. ITALIA NRO:430,CORRIENTES,3400,AVENIDA. ITALIA,"AVENIDA. ITALIA, CORRIENTES, Argentina","Avenida Italia, Barrio La Rosada, Corrientes, Departamento Capital, Corrientes, W3400CEI, Argentina",-27.4617666,-58.8361963
CORRIENTES Nº 1,RIVADAVIA NRO:2131,CORRIENTES,3400,RIVADAVIA,"RIVADAVIA, CORRIENTES, Argentina","Rivadavia, Barrio La Cruz, Seccional 1°, Corrientes, Departamento Capital, Corrientes, 3400, Argentina",-27.4741676,-58.839264
CUTRAL-CO,AV. OLASCOAGA NRO:540,CUTRALCO,8322,AVENIDA. OLASCOAGA,"AVENIDA. OLASCOAGA, CUTRALCO, Argentina","Avenida Olascoaga, Cooperativa, Cutral Có, Municipio de Cutral Có, Departamento Confluencia, Neuquén, Q8322, Argentina",-38.9324819,-69.2199791
CAÑADA DE GOMEZ Nº 2,BV. CENTENARIO NRO:741,CAÑADA DE GOMEZ,2500,BV. CENTENARIO,"BV. CENTENARIO, CAÑADA DE GOMEZ, Argentina","Bv. Centenario y Lisandro de la Torre, Bulevar Centenario, Parque, Cañada de Gómez, Municipio de Cañada de Gómez, Departamento Iriondo, 2500, Argentina",-32.8121294,-61.4075242
CENTENARIO Nº 2,COLON NRO:146,CENTENARIO,8309,COLON,"COLON, CENTENARIO, Argentina","Colón, Centenario, Trenque Lauquen, Cuartel Chacras de Trenque Lauquen, Partido de Trenque Lauquen, Buenos Aires, 6400, Argentina",-35.9549991,-62.7456815
RAMALLO,COLON NRO:1170,RAMALLO,2915,COLON,"COLON, RAMALLO, Argentina","Cristóbal Colón, Ramallo, Partido de Ramallo, Buenos Aires, B2914, Argentina",-33.4858341,-60.008906
SALADILLO,CABRAL NRO:3590,SALADILLO,7260,CABRAL,"CABRAL, SALADILLO, Argentina","Avenida Máximo Cabral, Saladillo, Partido de Saladillo, Buenos Aires, 7260, Argentina",-35.6482705,-59.7748405
VILLA MERCEDES Nº 2,BELGRANO NRO:152,VILLA MERCEDES,5730,BELGRANO,"BELGRANO, VILLA MERCEDES, Argentina","Belgrano, Villa Mercedes, Municipio de Villa Mercedes, General Pedernera, San Luis, D5730, Argentina",-33.6547745,-65.4592353
GOYA,PJE WENCESLAO FERNANDEZ NRO:1053,GOYA,3450,PJE WENCESLAO FERNANDEZ,"PJE WENCESLAO FERNANDEZ, GOYA, Argentina",,,
SAN MARTIN DE LOS ANDES,AV. KOESSLER NRO:1684,SAN MARTIN DE ANDES,8370,AVENIDA. KOESSLER,"AVENIDA. KOESSLER, SAN MARTIN DE ANDES, Argentina","Avenida Rodolfo Koessler, Cantera, Altos del Sol, San Martín de los Andes, Municipio de San Martín de los Andes, Departamento Lácar, Neuquén, Q8370, Argentina",-40.1543374,-71.3428924
VILLA DE MARIA,CAUTIVITA NRO:683,VILLA DE MARIA,5248,CAUTIVITA,"CAUTIVITA, VILLA DE MARIA, Argentina","Cautivita, Villa de María del Río Seco, Centro, Villa de María, Municipio de Villa de María, Pedanía Villa de María, Departamento Río Seco, Córdoba, X5248, Argentina",-29.9070905,-63.7212391
COMODORO RIVADAVIA Nº 5,HIPOLITO YRIGOYEN NRO:243 PISO: DTO/OF:PJE,COMODORO RIVADAVIA,9000,HIPOLITO YRIGOYEN PISO: DEPARTAMENTO/:PJE,"HIPOLITO YRIGOYEN PISO: DEPARTAMENTO/:PJE, COMODORO RIVADAVIA, Argentina",,,
VILLA DEL TOTORAL,PRESIDENTE PERÓN NRO:805,VILLA DEL TOTORAL,X5236CKQ,PRESIDENTE PERÓN,"PRESIDENTE PERÓN, VILLA DEL TOTORAL, Argentina","Presidente Perón, Municipio de Villa del Totoral, Pedanía Totoral, Departamento Totoral, Córdoba, X5236, Argentina",-30.7041762,-64.0676812
COMODORO RIVADAVIA Nº 4,RUFINO RIERA NRO:260 PISO:ETP,CHUBUT,9000,RUFINO RIERA PISO:ETP,"RUFINO RIERA PISO:ETP, CHUBUT, Argentina",,,
COMODORO RIVADAVIA Nº 6,RAWSON NRO:1040,COMODORO RIVADAVIA,9000,RAWSON,"RAWSON, COMODORO RIVADAVIA, Argentina","Rawson, La Loma, Centro, Municipio de Comodoro Rivadavia, Departamento Escalante, Chubut, U9000, Argentina",-45.8645549,-67.4964944
ALLEN,SAN MARTIN NRO:83,ALLEN,8328,SAN MARTIN,"SAN MARTIN, ALLEN, Argentina","San Martín, Allen, Municipio de Allen, Departamento General Roca, Río Negro, Argentina",-38.981809,-67.8078938
TANDIL Nº 1,9 DE JULIO NRO:867,TANDIL,7000,DE JULIO,"DE JULIO, TANDIL, Argentina","14 de Julio, Centro, Cuatro Avenidas, Tandil, Partido de Tandil, Buenos Aires, B7000GKN, Argentina",-37.3314541,-59.1384917
SAN LUIS Nº 1,CALLE PUBLICA S/N,ESQUINA LA RIOJA,SAN LUIS,CALLE PUBLICA SIN NUMERO,"CALLE PUBLICA SIN NUMERO, ESQUINA LA RIOJA, Argentina",,,
TUCUMAN Nº 9,CRISOSTOMO ALVAREZ NRO:1465,TUCUMAN,4000,CRISOSTOMO ALVAREZ,"CRISOSTOMO ALVAREZ, TUCUMAN, Argentina","Crisostomo Alvarez, 1591, Crisóstomo Álvarez, Ciudadela, San Miguel de Tucumán, Departamento Capital, Tucumán, 4000, Argentina",-26.8288968,-65.2217788
SAN PEDRO Nº 1,PELLEGRINI NRO:1026,SAN PEDRO,2930,PELLEGRINI,"PELLEGRINI, SAN PEDRO, Argentina","Carlos Pellegrini, San Pedro, Partido de San Pedro, Buenos Aires, B2930, Argentina",-33.6865293,-59.6714761
SAN SALVADOR DE JUJUY Nº 3,PABLO SORIA NRO:1189,S.SALVADOR DE JUJUY,4600,PABLO SORIA,"PABLO SORIA, S.SALVADOR DE JUJUY, Argentina","Pablo Soria, Asentamiento De Calle Pablo Soria, Ciudad de Nieva, Municipio de San Salvador de Jujuy, Departamento Doctor Manuel Belgrano, Jujuy, Y4607BCL, Argentina",-24.1888512,-65.3215865
BELLA VISTA,TUCUMAN NRO:1029,BELLA VISTA,3432,TUCUMAN,"TUCUMAN, BELLA VISTA, Argentina","Tucumán, Obligado, Bella Vista, Partido de San Miguel, Buenos Aires, 1662, Argentina",-34.5783217,-58.6928487
TRELEW Nº 2,BELGRANO NRO:648,TRELEW,9100,BELGRANO,"BELGRANO, TRELEW, Argentina","Belgrano (N), Perón, Trelew, Municipio de Trelew, Departamento Rawson, Chubut, U9100, Argentina",-43.2466026,-65.3109913
CHAJARI,AVDA. 9 DE JULIO NRO:2460,CHAJARI,3228,AVDA. DE JULIO,"AVDA. DE JULIO, CHAJARI, Argentina","Avenida 9 de Julio, Centro, Chajarí, Distrito Mandisoví, Departamento Federación, E3228FHS, Argentina",-30.7544648,-57.9836857
ITUZAINGO Nº 2,POSADAS NRO:1267,ITUZAINGO,3302,POSADAS,"POSADAS, ITUZAINGO, Argentina","Posadas, Los Portones, Ituzaingó, Partido de Ituzaingó, Buenos Aires, B1714LVH, Argentina",-34.6497876,-58.6649504
LIB.GRAL.SAN MARTIN,AV.TILCARA NRO:280,LIB.GRAL.SAN MARTIN,4512,AVENIDATILCARA,"AVENIDATILCARA, LIB.GRAL.SAN MARTIN, Argentina",,,
TUPUNGATO,ALMIRANTE BROWN NRO:579,TUPUNGATO,5561,ALMIRANTE BROWN,"ALMIRANTE BROWN, TUPUNGATO, Argentina","Almirante Brown, Distrito Ciudad de Tupungato, Departamento Tupungato, Mendoza, 5561, Argentina",-33.3691975,-69.1477829
SALTO,BELGRANO NRO:958,SALTO,2741,BELGRANO,"BELGRANO, SALTO, Argentina","Belgrano, Salto, Partido de Salto, Buenos Aires, 2741, Argentina",-34.2946642,-60.2538291
OLAVARRIA Nº 2,LAMADRID NRO:3166,OLAVARRIA,7400,LAMADRID,"LAMADRID, OLAVARRIA, Argentina","Lamadrid, Centro, Olavarría, Partido de Olavarría, Buenos Aires, B7400, Argentina",-36.894818,-60.3203178
COLON Nº 2,AV. URQUIZA NRO:1333,COLON,3280,AVENIDA. URQUIZA,"AVENIDA. URQUIZA, COLON, Argentina","Avenida Urquiza, Villa Elisa, Municipio Villa Elisa, Distrito Segundo, Departamento Colón, E3265, Argentina",-32.1517936,-58.4140002
COMODORO RIVADAVIA Nº 2,ITALIA NRO:973,COMODORO RIVADAVIA,9000,ITALIA,"ITALIA, COMODORO RIVADAVIA, Argentina","Italia, Rincón del Diablo, Centro, Municipio de Comodoro Rivadavia, Departamento Escalante, Chubut, U9000, Argentina",-45.8661128,-67.4877061
BRAGADO,RAUCH NRO:141,BRAGADO,6640,RAUCH,"RAUCH, BRAGADO, Argentina","Rauch, Michel, Bragado, Partido de Bragado, Buenos Aires, 6640, Argentina",-35.1126185,-60.4821582
TRELEW Nº 3,PECORARO NRO:527,TRELEW,9100,PECORARO,"PECORARO, TRELEW, Argentina","Pecoraro, Chacra 94, Los Paraísos, Trelew, Municipio de Trelew, Departamento Rawson, Chubut, U9100, Argentina",-43.2835517,-65.2790414
PICO TRUNCADO,SANTIAGO DEL ESTERO NRO:901,PICO TRUNCADO,9015,SANTIAGO DEL ESTERO,"SANTIAGO DEL ESTERO, PICO TRUNCADO, Argentina","Santiago del Estero, Industrial, Pico Truncado, Deseado, Santa Cruz, Z9015, Argentina",-46.789841,-67.9553236
PERICO,AV. GENERAL SAN MARTIN NRO:27,PERICO,4608,AVENIDA. GENERAL SAN MARTIN,"AVENIDA. GENERAL SAN MARTIN, PERICO, Argentina",,,
TUCUMAN Nº 8,SANTA FE NRO:717,TUCUMAN,4000,SANTA FE,"SANTA FE, TUCUMAN, Argentina","Santa Fe, Ciudad Parque, San Miguel de Tucumán, Departamento Capital, Tucumán, T4000, Argentina",-26.8087419,-65.2585216
SAN LUIS Nº 2,LAVALLE NRO:475,SAN LUIS,5700,LAVALLE,"LAVALLE, SAN LUIS, Argentina","Lavalle, Cuatro Avenidas, San Luis, Municipio de San Luis, Juan Martín de Pueyrredón, San Luis, D5702JRP, Argentina",-33.2990242,-66.3370966
ITUZAINGO Nº 1,BOLIVAR NRO:1945,ITUZAINGO,3302,BOLIVAR,"BOLIVAR, ITUZAINGO, Argentina","Bolívar, Mbotara, Municipio de Ituzaingó, Departamento Ituzaingó, Corrientes, 3302, Argentina",-27.587418,-56.6867163
CAÑADA DE GOMEZ Nº 1,SCHNACK NRO:21,CAÑADA DE GOMEZ,2500,SCHNACK,"SCHNACK, CAÑADA DE GOMEZ, Argentina","Schnack, 17 de Agosto, Cañada de Gómez, Municipio de Cañada de Gómez, Departamento Iriondo, S2500, Argentina",-32.8210981,-61.3943332
RIO GRANDE Nº 3,AVDA. PERITO MORENO NRO:848,RIO GRANDE,V9420CBE,AVDA. PERITO MORENO,"AVDA. PERITO MORENO, RIO GRANDE, Argentina","Avenida Perito Moreno, Don Bosco, Centro, Río Grande, Municipio de Río Grande, Departamento Río Grande, Tierra del Fuego, 9420, Argentina",-53.7829547,-67.7107776
VILLA LA ANGOSTURA,LAS MOSQUETAS NRO:333 PISO: DTO/OF:2,VILLA LA ANGOSTURA,8407,LAS MOSQUETAS PISO: DEPARTAMENTO/:,"LAS MOSQUETAS PISO: DEPARTAMENTO/:, VILLA LA ANGOSTURA, Argentina",,,
TUCUMAN Nº 2,MONTEAGUDO NRO:262,TUCUMAN,4000,MONTEAGUDO,"MONTEAGUDO, TUCUMAN, Argentina","Municipio de Monteagudo, Departamento Simoca, Tucumán, T4172, Argentina",-27.5123057,-65.2799429
CHIVILCOY Nº 2,BELGRANO NRO:180,CHIVILCOY,6620,BELGRANO,"BELGRANO, CHIVILCOY, Argentina","Belgrano, Chivilcoy, Partido de Chivilcoy, Buenos Aires, 6620, Argentina",-34.8972562,-60.0178393
GUALEGUAY Nº 2,LIBERTAD NRO:20,GUALEGUAY,2840,LIBERTAD,"LIBERTAD, GUALEGUAY, Argentina","Libertad, Gualeguay, Distrito Cuchilla, Departamento Gualeguay, Argentina",-33.1391898,-59.3102705
CORONDA,SAN MARTIN NRO:1820,CORONDA,2240,SAN MARTIN,"SAN MARTIN, CORONDA, Argentina","San Martín, Las Rosas, Municipio de Coronda, Coronda, Departamento San Jerónimo, Santa Fe, S2240, Argentina",-31.9736981,-60.918923
SALTA Nº 6,PASAJE SAN MARTÍN NRO:27,SALTA,4400,PASAJE SAN MARTÍN,"PASAJE SAN MARTÍN, SALTA, Argentina","Pasaje San Martín, Centro, Municipio de Embarcación, General San Martín, Salta, 4550, Argentina",-23.2106895,-64.0977458
RESISTENCIA Nº 2,MONTEAGUDO NRO:346,RESISTENCIA,3500,MONTEAGUDO,"MONTEAGUDO, RESISTENCIA, Argentina","Monteagudo, Villa Camila, Villa Camors, Resistencia, Municipio de Resistencia, Departamento San Fernando, Chaco, H3500ALD, Argentina",-27.4277694,-58.9492384
MACHAGAI,JULIO A. ROCA NRO:138,MACHAGAI,3534,JULIO A. ROCA,"JULIO A. ROCA, MACHAGAI, Argentina","Julio A Roca, Machagai, Municipio de Machagai, Departamento Veinticinco de Mayo, Chaco, 3534, Argentina",-26.9221697,-60.0466287
JUNIN Nº 2,SAAVEDRA NRO:14/16,JUNIN,6000,SAAVEDRA /,"SAAVEDRA /, JUNIN, Argentina","Saavedra, 9 de Julio, Junín, Partido de Junín, Buenos Aires, 6000, Argentina",-34.5967837,-60.9427869
SALTA Nº 3,TUCUMAN NRO:194 PISO:P.B,SALTA,4400,TUCUMAN PISO:P.B,"TUCUMAN PISO:P.B, SALTA, Argentina",,,
TUCUMAN Nº 4,LAS HERAS E/SAN LORENZO NRO:137,TUCUMAN,4000,LAS HERAS,"LAS HERAS, TUCUMAN, Argentina","Las Heras, Villa Alem, San Miguel de Tucumán, Departamento Capital, Tucumán, T4000, Argentina",-26.8458914,-65.2050982
PERGAMINO Nº 1,SAN NICOLAS NRO:555 PISO:1 DTO/OF:A,PERGAMINO,2700,SAN NICOLAS DEPARTAMENTO/:A,"SAN NICOLAS DEPARTAMENTO/:A, PERGAMINO, Argentina",,,
LAS FLORES,AV. SAN MARTIN NRO:582,LAS FLORES,7200,AVENIDA. SAN MARTIN,"AVENIDA. SAN MARTIN, LAS FLORES, Argentina","Avenida José de San Martín, Las Flores Sur, Las Flores, Distrito Suroeste, Rosario, Municipio de Rosario, Gran Rosario, Departamento Rosario, S2011, Argentina",-33.021202,-60.6532753
CLORINDA,SAN MARTIN NRO:774,CLORINDA,3610,SAN MARTIN,"SAN MARTIN, CLORINDA, Argentina",,,
LAS ROSAS,BUENOS AIRES NRO:1013,LAS ROSAS,2520,BUENOS AIRES,"BUENOS AIRES, LAS ROSAS, Argentina","Buenos Aires, Municipio de Las Rosas, Las Rosas, Departamento Belgrano, S2520, Argentina",-32.4869984,-61.5775819
VILLA MARIA Nº 3,SAN JUAN NRO:1204,VILLA MARIA,5900,SAN JUAN,"SAN JUAN, VILLA MARIA, Argentina","San Juan, Centro Oeste, Villa María, Municipio de Villa María, Pedanía Villa María, Departamento General San Martín, Córdoba, X5900, Argentina",-32.4095,-63.2479173
RIO GALLEGOS Nº 2,PABLO NERUDA NRO:687,RIO GALLEGOS,9400,PABLO NERUDA,"PABLO NERUDA, RIO GALLEGOS, Argentina","Pablo Neruda, Soldado José Honorio Ortega, Río Gallegos, Municipio de Río Gallegos, Güer Aike, Santa Cruz, 9400, Argentina",-51.613122,-69.2451236
SAN RAFAEL Nº 3,CORRIENTES NRO:444,SAN RAFAEL,5600,CORRIENTES,"CORRIENTES, SAN RAFAEL, Argentina","Corrientes, San Rafael, Distrito Ciudad de San Rafael, Departamento San Rafael, Mendoza, M5600, Argentina",-34.6167218,-68.3362724
RESISTENCIA Nº 5,JULIO A. ROCA NRO:256,RESISTENCIA,3500,JULIO A. ROCA,"JULIO A. ROCA, RESISTENCIA, Argentina",,,
COMODORO RIVADAVIA Nº 1,C. PELLEGRINI NRO:971 PISO:2,COMODORO RIVADAVIA,9000,C. PELLEGRINI,"C. PELLEGRINI, COMODORO RIVADAVIA, Argentina","Carlos Pellegrini, Centro, Municipio de Comodoro Rivadavia, Departamento Escalante, Chubut, U9000, Argentina",-45.8613755,-67.4799485
RIO CUARTO Nº 2,HIPOLITO YRIGOYEN NRO:1210,RIO CUARTO,5800,HIPOLITO YRIGOYEN,"HIPOLITO YRIGOYEN, RIO CUARTO, Argentina","Hipólito Yrigoyen, Santa Teodora, Río Cuarto, Municipio de Río Cuarto, Pedanía Río Cuarto, Departamento Río Cuarto, Córdoba, X5800, Argentina",-33.1207361,-64.3453921
COLON Nº 1,GRAL. URQUIZA NRO:285,COLON,3280,GENERAL. URQUIZA,"GENERAL. URQUIZA, COLON, Argentina","General Urquiza, Colón, Distrito Primero, Departamento Colón, E3280, Argentina",-32.2235171,-58.1402506
SAN PEDRO Nº 2,MITRE NRO:1450,SAN PEDRO,2930,MITRE,"MITRE, SAN PEDRO, Argentina","Mitre, Barrio San Pedro, San Benito, Distrito Sauce, Departamento Paraná, 3107, Argentina",-31.7700318,-60.4217597
CASILDA Nº 2,HIPOLITO YRIGOYEN NRO:2645,CASILDA,2170,HIPOLITO YRIGOYEN,"HIPOLITO YRIGOYEN, CASILDA, Argentina","Hipólito Yrigoyen, Nueva Roma C, Centro, Casilda, Municipio de Casilda, Departamento Caseros, S2170, Argentina",-33.0473426,-61.1739097
25 DE MAYO,CALLE 30 NRO:764,25 DE MAYO,6660,CALLE,"CALLE, 25 DE MAYO, Argentina","Calle, Obrero, Veinticinco de Mayo, Partido de Veinticinco de Mayo, Buenos Aires, B6660BVS, Argentina",-35.4423381,-60.1743321
MARCOS JUAREZ Nº 2,BELGRANO NRO:1132,MARCOS JUAREZ,2580,BELGRANO,"BELGRANO, MARCOS JUAREZ, Argentina","Belgrano, Cruz Alta, Pedanía Cruz Alta, Departamento Marcos Juárez, Córdoba, X2580, Argentina",-33.0075491,-61.8013789
ARROYITO,JOSE VOCCOS NRO:211,ARROYITO,2434,JOSE VOCCOS,"JOSE VOCCOS, ARROYITO, Argentina",,,
SAN RAFAEL Nº 4,JUAN A. MAZA NRO:540,SAN RAFAEL,5600,JUAN A. MAZA,"JUAN A. MAZA, SAN RAFAEL, Argentina",,,
VENADO TUERTO Nº 2,CASTELLI NRO:748,VENADO TUERTO,2600,CASTELLI,"CASTELLI, VENADO TUERTO, Argentina","Castelli, Centro I, Venado Tuerto, Municipio de Venado Tuerto, Departamento General López, S2600KVB, Argentina",-33.7428558,-61.9662627
ORAN,BELGRANO NRO:980,ORAN,4530,BELGRANO,"BELGRANO, ORAN, Argentina","Belgrano, Juana Azurduy, San Ramón de la Nueva Orán, Municipio de San Ramón de la Nueva Orán, Orán, Salta, 4530, Argentina",-23.1264141,-64.3302456
CHOS MALAL,OLASCOAGA NRO:446,CHOS MALAL,8353,OLASCOAGA,"OLASCOAGA, CHOS MALAL, Argentina","Coronel Olascoaga, Área de Frontera, Chos Malal, Municipio de Chos Malal, Departamento Chos Malal, Neuquén, Argentina",-37.3759743,-70.2659016
EL CALAFATE,AV. 17 DE OCTUBRE NRO:822,EL CALAFATE,9405,AVENIDA. DE OCTUBRE,"AVENIDA. DE OCTUBRE, EL CALAFATE, Argentina","Avenida 17 de Octubre, Lago Argentino, El Calafate, Municipio de El Calafate, Lago Argentino, Santa Cruz, Z9405, Argentina",-50.3449174,-72.2688013
RANCHOS,PASTOR VILLANUEVA NRO:3003,RANCHOS,1987,PASTOR VILLANUEVA,"PASTOR VILLANUEVA, RANCHOS, Argentina","Pastor Villanueva, Ranchos, Partido de General Paz, Buenos Aires, B1987, Argentina",-35.5131603,-58.3194869
CASILDA Nº 1,H. YRIGOYEN NRO:2382,CASILDA,2170,H. YRIGOYEN,"H. YRIGOYEN, CASILDA, Argentina","Hipólito Yrigoyen, Nueva Roma C, Centro, Casilda, Municipio de Casilda, Departamento Caseros, S2170, Argentina",-33.0473426,-61.1739097
VILLA MERCEDES Nº 1,MARCONI NRO:29,VILLA MERCEDES,5730,MARCONI,"MARCONI, VILLA MERCEDES, Argentina","Marconi, ATE, Las Mirandas, Municipio de Villa Mercedes, General Pedernera, San Luis, D5730, Argentina",-33.6811505,-65.4774842
BOLIVAR,AVDA. SAN MARTIN NRO:1124,BOLIVAR,6550,AVDA. SAN MARTIN,"AVDA. SAN MARTIN, BOLIVAR, Argentina","Avenida San Martín, San Carlos de Bolívar, Partido de Bolívar, Buenos Aires, B6550CGG, Argentina",-36.2333064,-61.1106522
PUERTO MADRYN Nº 2,SAN MARTIN NRO:186,PUERTO MADRYN,9120,SAN MARTIN,"SAN MARTIN, PUERTO MADRYN, Argentina","San Martín, Luis Piedrabuena, Municipio de Puerto Madryn, Departamento Biedma, Chubut, 9120, Argentina",-42.7824971,-65.0290529
PARANA Nº 3,COLON NRO:214,PARANA,3100,COLON,"COLON, PARANA, Argentina","Colón, Barrio María Auxiliadora, Paraná, Municipio de Paraná, Distrito Sauce, Departamento Paraná, 3100, Argentina",-31.7298977,-60.5186255
SAN ANTONIO OESTE,AUTOMOVIL CLUB ARGENTINO NRO:2325,SAN ANTONIO OESTE,8520,AUTOMOVIL CLUB ARGENTINO,"AUTOMOVIL CLUB ARGENTINO, SAN ANTONIO OESTE, Argentina","Automóvil Club Argentino, Magisterio, San Antonio Oeste, Departamento San Antonio, Río Negro, 8520, Argentina",-40.7306404,-64.982737
TRES ARROYOS Nº 1,AZCUENAGA NRO:230,TRES ARROYOS,7500,AZCUENAGA,"AZCUENAGA, TRES ARROYOS, Argentina","53 bis - Azcuénaga, Plaza del Árbol, Tres Arroyos, Partido de Tres Arroyos, Buenos Aires, B7500, Argentina",-38.3777989,-60.2843903
ELDORADO,YERBAL NRO:1727,ELDORADO,3380,YERBAL,"YERBAL, ELDORADO, Argentina","Yerbal, Barrio Las Rosas, Eldorado, Municipio de Eldorado, Departamento Eldorado, Misiones, 3380OSA, Argentina",-26.4048671,-54.6011621
CAPITAN SARMIENTO,BARTOLOME MITRE NRO:337,CAPITAN SARMIENTO,2752,BARTOLOME MITRE,"BARTOLOME MITRE, CAPITAN SARMIENTO, Argentina","Avenida Bartolomé Mitre, Capitán Sarmiento, Partido de Capitán Sarmiento, Buenos Aires, 2752, Argentina",-34.1720694,-59.7917815
RIO TERCERO Nº 1,ALBERDI NRO:299,RIO TERCERO,5850,ALBERDI,"ALBERDI, RIO TERCERO, Argentina","Alberdi, Barrio Centro, Río Tercero, Municipio de Río Tercero, Pedanía Salto, Departamento Tercero Arriba, Córdoba, X5850, Argentina",-32.1763539,-64.1143402
VILLA MARIA Nº 1,AV. BARTOLOME MITRE NRO:30,VILLA MARIA,5900,AVENIDA. BARTOLOME MITRE,"AVENIDA. BARTOLOME MITRE, VILLA MARIA, Argentina",,,
VICTORIA,SARMIENTO NRO:358,VICTORIA,3153,SARMIENTO,"SARMIENTO, VICTORIA, Argentina","Sarmiento, Victoria, Distrito Laguna del Pescado, Departamento Victoria, E3153ZAA, Argentina",-32.6158467,-60.1503737
PUERTO IGUAZU,HORACIO QUIROGA NRO:22,PUERTO IGUAZU,3370,HORACIO QUIROGA,"HORACIO QUIROGA, PUERTO IGUAZU, Argentina","Horacio Quiroga, Villa Alta, Santa María del Iguazú, Villa Florida, Puerto Iguazú, Municipio de Puerto Iguazú, Departamento Iguazú, Misiones, 3370, Argentina",-25.608696,-54.5693348
RIO TERCERO Nº 3,ALSINA NRO:110,RIO TERCERO,5850,ALSINA,"ALSINA, RIO TERCERO, Argentina","Alsina, Barrio Centro, Río Tercero, Municipio de Río Tercero, Pedanía Salto, Departamento Tercero Arriba, Córdoba, X5850, Argentina",-32.1741426,-64.115531
ROQUE PEREZ,ALSINA NRO:1359,ROQUE PEREZ,7245,ALSINA,"ALSINA, ROQUE PEREZ, Argentina","Alsina, Barrio Martin Fierro, Roque Pérez, Partido de Roque Pérez, Buenos Aires, 7245, Argentina",-35.4007902,-59.3353296
VENADO TUERTO Nº 1,CHACABUCO NRO:477,VENADO TUERTO,2600,CHACABUCO,"CHACABUCO, VENADO TUERTO, Argentina","Chacabuco, Centro II, Venado Tuerto, Municipio de Venado Tuerto, Departamento General López, S2600, Argentina",-33.7481237,-61.9667042
GENERAL ALVEAR,HIPOLITO YRIGOYEN NRO:740,GENERAL ALVEAR,7623,HIPOLITO YRIGOYEN,"HIPOLITO YRIGOYEN, GENERAL ALVEAR, Argentina","Hipolito Yrigoyen, Colonia Alvear, Distrito Alvear Oeste, General Alvear, Mendoza, 5620, Argentina",-35.0041575,-67.6545917
ALCORTA,SAN MARTIN NRO:249,ALCORTA,2117,SAN MARTIN,"SAN MARTIN, ALCORTA, Argentina","San Martín, Municipio de Alcorta, Departamento Constitución, S2117, Argentina",-33.5360281,-61.1244388
BELL VILLE Nº 1,PIO ANGULO NRO:344,BELL VILLE,2550,PIO ANGULO,"PIO ANGULO, BELL VILLE, Argentina","Pío Angulo, Bell Ville, Municipio de Bell Ville, Pedanía Bell Ville, Departamento Unión, Córdoba, X2550, Argentina",-32.6312306,-62.6934395
OBERA Nº 1,AVDA. LIBERTAD NRO:552,OBERA,3360,AVDA. LIBERTAD,"AVDA. LIBERTAD, OBERA, Argentina","Avenida Libertad, Villa Bárbaro, Oberá, Municipio de Oberá, Departamento Oberá, Misiones, 3360, Argentina",-27.4870947,-55.114959
VILLA REGINA,PUEYRREDON SUR NRO:70,VILLA REGINA,8336,PUEYRREDON SUR,"PUEYRREDON SUR, VILLA REGINA, Argentina","Pueyrredón Sur, Centro, Villa Regina, Municipio de Villa Regina, Departamento General Roca, Río Negro, R8336, Argentina",-39.0928917,-67.0871754
SAN LUIS Nº 4,AV. EJERCITO DE LOS ANDES NRO:575,SAN LUIS,5700,AVENIDA. EJERCITO DE LOS ANDES,"AVENIDA. EJERCITO DE LOS ANDES, SAN LUIS, Argentina","Avenida Ejército de los Andes, Zabala Ortiz, San Luis, Municipio de San Luis, Juan Martín de Pueyrredón, San Luis, D5702FJX, Argentina",-33.2904793,-66.3338659
RIO CUARTO Nº 1,MITRE NRO:632,RIO CUARTO,5800,MITRE,"MITRE, RIO CUARTO, Argentina","Mitre, Macrocentro, Río Cuarto, Municipio de Río Cuarto, Pedanía Río Cuarto, Departamento Río Cuarto, Córdoba, X5800, Argentina",-33.1299778,-64.3547019
BAHIA BLANCA Nº 2,SAN MARTIN NRO:88 PISO:1 DTO/OF:A,BAHIA BLANCA,8000,SAN MARTIN DEPARTAMENTO/:A,"SAN MARTIN DEPARTAMENTO/:A, BAHIA BLANCA, Argentina",,,
FIRMAT,BOULEVARD COLON NRO:798,FIRMAT,2630,BOULEVARD COLON,"BOULEVARD COLON, FIRMAT, Argentina",,,
SANTA ROSA Nº 2,CORONEL GIL NRO:31,SANTA ROSA,6300,CORONEL GIL,"CORONEL GIL, SANTA ROSA, Argentina","Coronel Gil, RTC Z2, Centro, Santa Rosa, Municipio de Santa Rosa, Departamento Capital, La Pampa, L6300, Argentina",-36.6220014,-64.2899238
TUCUMAN Nº 3,GRAL. PAZ NRO:1183,TUCUMAN,4000,GENERAL. PAZ,"GENERAL. PAZ, TUCUMAN, Argentina","General Paz, Municipio de Colombres, Departamento Cruz Alta, Tucumán, T4178, Argentina",-26.9030509,-65.102706
BAHIA BLANCA Nº 4,LAMADRID NRO:42,BAHIA BLANCA,8000,LAMADRID,"LAMADRID, BAHIA BLANCA, Argentina","Lamadrid, Centro Sudeste, Bahía Blanca, Cuartel I, Partido de Bahía Blanca, Buenos Aires, B8000, Argentina",-38.717761,-62.2593171
LABOULAYE,SARMIENTO NRO:117,LABOULAYE,6120,SARMIENTO,"SARMIENTO, LABOULAYE, Argentina","Sarmiento, Laboulaye, Municipio de Laboulaye, Pedanía La Amarga, Departamento Presidente Roque Sáenz Peña, Córdoba, X6120, Argentina",-34.1268653,-63.3907614
MONTE CASEROS,EVA DUARTE DE PERON (EX ALVEAR) NRO:674,MONTE CASEROS,3220,EVA DUARTE DE PERON (EX ALVEAR),"EVA DUARTE DE PERON (EX ALVEAR), MONTE CASEROS, Argentina",,,
ONCATIVO,RIVADAVIA NRO:1087,ONCATIVO,5986,RIVADAVIA,"RIVADAVIA, ONCATIVO, Argentina","Rivadavia, Zona Norte, Oncativo, Municipio de Oncativo, Pedanía Impira, Departamento Río Segundo, Córdoba, X5987, Argentina",-31.9122025,-63.6799922
MAR DEL PLATA Nº 13 ,LISANDRO DE LA TORRE NRO:102 PISO:PB,MAR DEL PLATA,7600,LISANDRO DE LA TORRE PISO:PB,"LISANDRO DE LA TORRE PISO:PB, MAR DEL PLATA, Argentina",,,
BAHIA BLANCA Nº 5,DORREGO NRO:342,BAHIA BLANCA,8000,DORREGO,"DORREGO, BAHIA BLANCA, Argentina","Dorrego, Centro Sudeste, Bahía Blanca, Cuartel I, Partido de Bahía Blanca, Buenos Aires, B8000, Argentina",-38.7155168,-62.2598586
SANTIAGO DEL ESTERO Nº 3,SALTA NRO:552,SANTIAGO DEL ESTERO,4200,SALTA,"SALTA, SANTIAGO DEL ESTERO, Argentina","Salta, Parque Aguirre, Santiago del Estero, Municipio de Santiago del Estero, Departamento Juan Francisco Borges, Santiago del Estero, G4200, Argentina",-27.7826847,-64.2580888
METAN,SAN MARTIN NRO:92 PISO: DTO/OF:6,SAN JOSE DE METAN,4440,SAN MARTIN PISO: DEPARTAMENTO/:,"SAN MARTIN PISO: DEPARTAMENTO/:, SAN JOSE DE METAN, Argentina",,,
BAHIA BLANCA Nº 1,CHICLANA NRO:548,BAHIA BLANCA,8000,CHICLANA,"CHICLANA, BAHIA BLANCA, Argentina","Chiclana, Villa Muñiz, Bahía Blanca, Cuartel II, Partido de Bahía Blanca, Buenos Aires, B8000GYB, Argentina",-38.7472563,-62.2293775
CORONEL SUAREZ,A. ALSINA NRO:588,CORONEL SUAREZ,7540,A. ALSINA,"A. ALSINA, CORONEL SUAREZ, Argentina","Avenida Alsina, Centro, Coronel Suárez, Cuartel I, Partido de Coronel Suárez, Buenos Aires, B7540, Argentina",-37.4564705,-61.9327639
GENERAL MADARIAGA,AVELLANEDA NRO:338 PISO:PB,GENERAL MADARIAGA,7163,AVELLANEDA PISO:PB,"AVELLANEDA PISO:PB, GENERAL MADARIAGA, Argentina",,,
SAN JUAN Nº 3,TUCUMAN - SUR NRO:446,SAN JUAN,5400,TUCUMAN - SUR,"TUCUMAN - SUR, SAN JUAN, Argentina","Tucumán, Eugenio de Mallea Sur, Concepción, San Juan, Capital, San Juan, J5400AAD, Argentina",-31.5287519,-68.5237242
CIPOLLETTI Nº 3 (CATRIEL),LA PAMPA NRO:682,CATRIEL,R8307CIJ,LA PAMPA,"LA PAMPA, CATRIEL, Argentina","La Pampa, Centro, Catriel, Municipio de Catriel, Departamento General Roca, Río Negro, R8307, Argentina",-37.8800566,-67.7966015
PRESIDENCIA ROQUE SAENZ PEÑA Nº 2,PELLEGRINI NRO:788,PRE.ROQUE SAENZ PEÑA,3700,PELLEGRINI,"PELLEGRINI, PRE.ROQUE SAENZ PEÑA, Argentina",,,
ARRECIFES,AV. LAVALLE NRO:104,ARRECIFES,2740,AVENIDA. LAVALLE,"AVENIDA. LAVALLE, ARRECIFES, Argentina","Avenida Lavalle, Arrecifes, Partido de Arrecifes, Buenos Aires, B2740BCG, Argentina",-34.0693094,-60.1108238
NUEVE DE JULIO Nº 2,ANTONIO AITA NRO:919,NUEVE DE JULIO,6500,ANTONIO AITA,"ANTONIO AITA, NUEVE DE JULIO, Argentina","Avenida Antonio Aita, 9 de Julio, Nueve de Julio, Partido de Nueve de Julio, Buenos Aires, 6500, Argentina",-35.447499,-60.8901186
CONCEPCION,PTE. ROCA NRO:50 PISO:PA,CONCEPCION,4146,PRESIDENTE. ROCA PISO:PA,"PRESIDENTE. ROCA PISO:PA, CONCEPCION, Argentina",,,
CONCORDIA Nº 2,ANDRADE NRO:60,CONCORDIA,3200,ANDRADE,"ANDRADE, CONCORDIA, Argentina","Andrade, Ex Aero Club, Concordia, Distrito Suburbios, Departamento Concordia, E3202BCB, Argentina",-31.398287,-58.0312589
SAN GENARO,ITALIA NRO:1284,SAN GENARO,2147,ITALIA,"ITALIA, SAN GENARO, Argentina","Italia, San Genaro, Municipio de San Genaro, Departamento San Jerónimo, Santa Fe, S2147, Argentina",-32.3643307,-61.3451477
TUCUMAN Nº 6,SIMON BOLIVAR NRO:374,TUCUMAN,4000,SIMON BOLIVAR,"SIMON BOLIVAR, TUCUMAN, Argentina","Simon Bolivar, San Expedito, Municipio de Concepción, Departamento Chicligasta, Tucumán, T4174, Argentina",-27.355655,-65.5783903
AYACUCHO,9 DE JULIO NRO:935,AYACUCHO,7150,DE JULIO,"DE JULIO, AYACUCHO, Argentina",,,
SAN SALVADOR DE JUJUY Nº 1,AV.ARTURO ILLIA NRO:898,SAN SALVADOR DE JUJUY,4600,AVENIDAARTURO ILLIA,"AVENIDAARTURO ILLIA, SAN SALVADOR DE JUJUY, Argentina",,,
YERBA BUENA Nº 1,PRINGLES NRO:940,YERBA BUENA,4107,PRINGLES,"PRINGLES, YERBA BUENA, Argentina","Pringles, Marcos Paz, Yerba Buena, Departamento Yerba Buena, Tucumán, T4107, Argentina",-26.8186355,-65.2714442
RIO CUARTO Nº 4,CABRERA NRO:1152,RIO CUARTO,X5800BEX,CABRERA,"CABRERA, RIO CUARTO, Argentina","Cabrera, Macrocentro, Río Cuarto, Municipio de Río Cuarto, Pedanía Río Cuarto, Departamento Río Cuarto, Córdoba, X5800, Argentina",-33.1295747,-64.3535193
CARMEN DE ARECO,LARREA NRO:785,CARMEN DE ARECO,6725,LARREA,"LARREA, CARMEN DE ARECO, Argentina","Larrea, Carmen de Areco, Partido de Carmen de Areco, Buenos Aires, B6725AIF, Argentina",-34.3751203,-59.8237066
POSADAS Nº 3,SARMIENTO NRO:2139,POSADAS,3300,SARMIENTO,"SARMIENTO, POSADAS, Argentina","Sarmiento, Centro, Centro de Integración Territorial Centro, Posadas, Municipio de Posadas, Departamento Capital, Misiones, N3300IHB, Argentina",-27.3655663,-55.8896912
RIO TERCERO Nº 2,URUGUAY ESQ. LAS HERAS NRO:302,RIO TERCERO,5850,URUGUAY ESQ. LAS HERAS,"URUGUAY ESQ. LAS HERAS, RIO TERCERO, Argentina",,,
RIO GRANDE Nº 1,O`HIGGINS NRO:148,RIO GRANDE,9420,O`HIGGINS,"O`HIGGINS, RIO GRANDE, Argentina","Bernardo O'Higgins, Triángulo AGP, Río Grande, Municipio de Río Grande, Departamento Río Grande, Tierra del Fuego, 9420, Argentina",-53.7935414,-67.6903172
VILLA MARIA Nº 2,BUENOS AIRES NRO:1352,VILLA MARIA,5900,BUENOS AIRES,"BUENOS AIRES, VILLA MARIA, Argentina","Buenos Aires, Nicolás Avellaneda, Villa María, Municipio de Villa María, Pedanía Villa María, Departamento General San Martín, Córdoba, X5900, Argentina",-32.4024828,-63.2298655
ESQUEL Nº 1,AV. ALVEAR NRO:937,ESQUEL,9200,AVENIDA. ALVEAR,"AVENIDA. ALVEAR, ESQUEL, Argentina","Avenida Alvear, Güemes, Esquel, Municipio de Esquel, Departamento Futaleufú, Chubut, U9200, Argentina",-42.9017062,-71.3079872
RESISTENCIA Nº 3,SANTIAGO DEL ESTERO NRO:585,RESISTENCIA,3500,SANTIAGO DEL ESTERO,"SANTIAGO DEL ESTERO, RESISTENCIA, Argentina","Santiago del Estero, Villa María, Resistencia, Municipio de Resistencia, Departamento San Fernando, Chaco, H3500ASC, Argentina",-27.451549,-58.9930012
PRESIDENCIA ROQUE SAENZ PEÑA Nº 1,PELLEGRINI NRO:150,PTE.ROQUE SAENZ PENA,H3700AKH,PELLEGRINI,"PELLEGRINI, PTE.ROQUE SAENZ PENA, Argentina",,,
OJO DE AGUA,MARTIN URIONDO NRO:140,OJO DE AGUA,5250,MARTIN URIONDO,"MARTIN URIONDO, OJO DE AGUA, Argentina","Avenida Martín Uriondo, Villa Ojo de Agua, Municipio de Villa Ojo de Agua, Departamento Ojo de Agua, Santiago del Estero, G5250, Argentina",-29.50188,-63.6962173
CHARATA,GÜEMES NRO:1230,CHARATA,3730,GÜEMES,"GÜEMES, CHARATA, Argentina","Avenida Güemes, Norte, Charata, Municipio de Charata, Departamento Chacabuco, Chaco, H3730AVI, Argentina",-27.2217131,-61.1848226
OLIVA,COLON NRO:444,OLIVA,5980,COLON,"COLON, OLIVA, Argentina","Colón, San Cayetano, Oliva, Municipio de Oliva, Pedanía Zorros, Departamento Tercero Arriba, Córdoba, X5980, Argentina",-32.0367501,-63.572737
HERNANDO,SAN MARTIN NRO:490,HERNANDO,5929,SAN MARTIN,"SAN MARTIN, HERNANDO, Argentina","San Martín, Avenida San Martín, Centro, Municipio de Hernando, Pedanía Punta del Agua, Departamento Tercero Arriba, Córdoba, X5980, Argentina",-32.4279104,-63.7340277
MARCOS JUAREZ Nº 1,BELGRANO NRO:564,MARCOS JUAREZ,2580,BELGRANO,"BELGRANO, MARCOS JUAREZ, Argentina","Belgrano, Cruz Alta, Pedanía Cruz Alta, Departamento Marcos Juárez, Córdoba, X2580, Argentina",-33.0075491,-61.8013789
AZUL Nº 1,BURGOS NRO:933,AZUL,7300,BURGOS,"BURGOS, AZUL, Argentina","Burgos, Santa Elena, Azul, Partido de Azul, Buenos Aires, 7300, Argentina",-36.7902006,-59.8775728
TIGRE N° 6,SARMIENTO NRO:282,TIGRE,B1648BDB,SARMIENTO,"SARMIENTO, TIGRE, Argentina","Sarmiento, Tigre, Partido de Tigre, Buenos Aires, B1648FAO, Argentina",-34.4284445,-58.5781602
CONCORDIA Nº 1,P. DEL CASTILLO NRO:562/6,CONCORDIA,3200,P. DEL CASTILLO /,"P. DEL CASTILLO /, CONCORDIA, Argentina","Presbítero del Castillo, Sargento Cabrera, Concordia, Distrito Suburbios, Departamento Concordia, E3200EKE, Argentina",-31.3919697,-58.0089281
SALTA Nº 5,TUCUMAN NRO:382,SALTA,4400,TUCUMAN,"TUCUMAN, SALTA, Argentina","Tucumán, Salta, Capital, Salta, 4402, Argentina",-24.7995142,-65.4166361
BAHIA BLANCA Nº 3,VILLARINO NRO:279,BAHIA BLANCA,8000,VILLARINO,"VILLARINO, BAHIA BLANCA, Argentina","Villarino, San Martin, Bahía Blanca, Cuartel II, Partido de Bahía Blanca, Buenos Aires, B8000LQC, Argentina",-38.7350636,-62.276566
MALARGÜE,NAPOLEON URIBURU NRO:382 PISO:PB,MALARGÜE,5613,NAPOLEON URIBURU PISO:PB,"NAPOLEON URIBURU PISO:PB, MALARGÜE, Argentina",,,
PARANA Nº 1,GUALEGUAYCHU NRO:271,PARANA,3100,GUALEGUAYCHU,"GUALEGUAYCHU, PARANA, Argentina","Gualeguaychú, Barrio Centro Oeste, Barrio Saenz Peña, Paraná, Municipio de Paraná, Distrito Sauce, Departamento Paraná, 3100, Argentina",-31.7395439,-60.5236942
RESISTENCIA Nº 1,SAAVEDRA NRO:734,RESISTENCIA,3500,SAAVEDRA,"SAAVEDRA, RESISTENCIA, Argentina","Saavedra, Villa Don Rafael, Resistencia, Municipio de Resistencia, Departamento San Fernando, Chaco, H3500ALD, Argentina",-27.455005,-58.971639
SANTA ROSA Nº 1,AV. GRAL SAN MARTIN OESTE NRO:279,SANTA ROSA,6300,AVENIDA. GENERAL SAN MARTIN OESTE,"AVENIDA. GENERAL SAN MARTIN OESTE, SANTA ROSA, Argentina","Avenida General San Martín Oeste, Centro, Santa Rosa, Municipio de Santa Rosa, Departamento Capital, La Pampa, L6300, Argentina",-36.6209218,-64.2970611
RIO GRANDE Nº 2,ALBERDI NRO:131,RIO GRANDE,9420,ALBERDI,"ALBERDI, RIO GRANDE, Argentina","Juan Bautista Alberdi, Ex Combatientes de Malvinas, Centro, Río Grande, Municipio de Río Grande, Departamento Río Grande, Tierra del Fuego, 9420, Argentina",-53.7876581,-67.7044264
LA PAZ,SAENZ PEÑA NRO:1151,LA PAZ,3190,SAENZ PEÑA,"SAENZ PEÑA, LA PAZ, Argentina","Sáenz Peña, La Paz, Distrito Estacas, Departamento La Paz, Argentina",-30.7392342,-59.6432564
SAN JUAN Nº 5,CATAMARCA - SUR NRO:526,SAN JUAN,J5402ECA,CATAMARCA - SUR,"CATAMARCA - SUR, SAN JUAN, Argentina","Catamarca, Villa Santa Anita, Comuna Sur, Rivadavia, San Juan, J5402GKN, Argentina",-31.5556498,-68.5525372
SANTIAGO DEL ESTERO Nº 1,URQUIZA - CENTRO NRO:370 PISO: DTO/OF:B,SANTIAGO DEL ESTERO,4200,URQUIZA - CENTRO PISO: DEPARTAMENTO/:B,"URQUIZA - CENTRO PISO: DEPARTAMENTO/:B, SANTIAGO DEL ESTERO, Argentina",,,
CONCEPCION DEL URUGUAY Nº 1,BARTOLOME MITRE NRO:562,CONCEP.DEL URUGUAY,3260,BARTOLOME MITRE,"BARTOLOME MITRE, CONCEP.DEL URUGUAY, Argentina",,,
JUNIN Nº 1,GUIDO SPANO NRO:17,JUNIN,6000,GUIDO SPANO,"GUIDO SPANO, JUNIN, Argentina","Guido y Spano, Nuestra Señora de la Merced, Junín, Partido de Junín, Buenos Aires, B6000, Argentina",-34.603763,-60.9714733
SAN PEDRO DE JUJUY,AV. 9 DE JULIO NRO:68,SAN PEDRO DE JUJUY,4500,AVENIDA. DE JULIO,"AVENIDA. DE JULIO, SAN PEDRO DE JUJUY, Argentina","Avenida 9 de Julio, Guemes, El Palomar, San Pedro de Jujuy, Municipio de San Pedro de Jujuy, Departamento San Pedro, Jujuy, 4500, Argentina",-24.2157339,-64.8570558
PEHUAJO,SAN MARTIN NRO:145,PEHUAJO,6450,SAN MARTIN,"SAN MARTIN, PEHUAJO, Argentina","San Martín, Pehuajó, Partido de Pehuajó, Buenos Aires, 6450, Argentina",-35.8344161,-61.8800738
SAN CARLOS CENTRO,RIVADAVIA NRO:811,SAN CARLOS CENTRO,3013,RIVADAVIA,"RIVADAVIA, SAN CARLOS CENTRO, Argentina","Rivadavia, San Carlos Centro, Municipio de San Carlos Centro, Departamento Las Colonias, S3013, Argentina",-31.7315098,-61.0912434
JUSTINIANO POSSE,AV. DEL LIBERTADOR NRO:717,JUSTINIANO POSSE,2553,AVENIDA. DEL LIBERTADOR,"AVENIDA. DEL LIBERTADOR, JUSTINIANO POSSE, Argentina",,,
SARMIENTO,AV.SAN MARTIN NRO:446,SARMIENTO,9020,AVENIDASAN MARTIN,"AVENIDASAN MARTIN, SARMIENTO, Argentina",,,
SALTA Nº 1,PELLEGRINI NRO:822,SALTA,4400,PELLEGRINI,"PELLEGRINI, SALTA, Argentina","Pellegrini, Centro, Rosario de Lerma, Municipio de Rosario de Lerma, Rosario de Lerma, Salta, 4405, Argentina",-24.9874809,-65.5793028
MORTEROS,MARCONI NRO:161,MORTEROS,2421,MARCONI,"MARCONI, MORTEROS, Argentina","Marconi, Barrio Islas Malvinas, Morteros, Municipio de Morteros, Pedanía Libertad, Departamento San Justo, Córdoba, X2421, Argentina",-30.7083593,-62.0109823
TUCUMAN Nº 1,LAVALLE NRO:329,TUCUMAN,4000,LAVALLE,"LAVALLE, TUCUMAN, Argentina","Lavalle, San Carlos, San Miguel de Tucumán, Departamento Capital, Tucumán, T4000, Argentina",-26.8310188,-65.2502221
MAIPU,MADERO NRO:321,MAIPU,7160,MADERO,"MADERO, MAIPU, Argentina","Madero, Villa Italia, Maipú, Partido de Maipú, Buenos Aires, B7160CCH, Argentina",-36.8586038,-57.87703
FORMOSA Nº 4,ESPAÑA NRO:440 PISO:PB,FORMOSA,3600,ESPAÑA PISO:PB,"ESPAÑA PISO:PB, FORMOSA, Argentina",,,
SAN JUAN Nº 7,SAN LUIS (ESTE) NRO:837,SAN JUAN,5400,SAN LUIS (ESTE),"SAN LUIS (ESTE), SAN JUAN, Argentina",,,
CORONEL DORREGO,AV. CASAL VARELA NRO:1848,CORONEL DORREGO,8150,AVENIDA. CASAL VARELA,"AVENIDA. CASAL VARELA, CORONEL DORREGO, Argentina","0 - Avenida Carlos Casal Varela, Coronel Dorrego, Cuartel XVII, Partido de Coronel Dorrego, Buenos Aires, B8150, Argentina",-38.7276925,-61.2779028
LA CARLOTA,GENERAL PAZ NRO:55,LA CARLOTA,2670,GENERAL PAZ,"GENERAL PAZ, LA CARLOTA, Argentina","General Paz, La Carlota, Municipio de La Carlota, Pedanía La Carlota, Departamento Juárez Celman, Córdoba, X2670, Argentina",-33.4227148,-63.3023193
AZUL Nº 2,9 DE JULIO NRO:440 PISO:1,AZUL,7300,DE JULIO,"DE JULIO, AZUL, Argentina",,,
CARLOS CASARES,ALVARADO NRO:168,CARLOS CASARES,6530,ALVARADO,"ALVARADO, CARLOS CASARES, Argentina","Alvarado, Carlos Casares, Partido de Carlos Casares, Buenos Aires, 6530, Argentina",-35.6186679,-61.3588634
SALTA Nº 7,CORDOBA NRO:487,SALTA,A4406BRA,CORDOBA,"CORDOBA, SALTA, Argentina","Córdoba, Barrio Hernando de Lerma, Bº 13 de Abril, Salta, Capital, Salta, 4402, Argentina",-24.801002,-65.4091933
PARANA Nº 2,COLON NRO:115,PARANA,3100,COLON,"COLON, PARANA, Argentina","Colón, Barrio María Auxiliadora, Paraná, Municipio de Paraná, Distrito Sauce, Departamento Paraná, 3100, Argentina",-31.7298977,-60.5186255
SAN SALVADOR DE JUJUY Nº 2,SALTA NRO:869,SAN SALVADOR DE JUJUY,4600,SALTA,"SALTA, SAN SALVADOR DE JUJUY, Argentina","Salta, Centro, Asentamiento Puente Otero, Municipio de San Salvador de Jujuy, Departamento Doctor Manuel Belgrano, Jujuy, Y4600EFK, Argentina",-24.1819064,-65.3052009
RAUCH,CORONEL SUAREZ NRO:86 PISO:PA,RAUCH,7203,CORONEL SUAREZ PISO:PA,"CORONEL SUAREZ PISO:PA, RAUCH, Argentina",,,
RAFAELA Nº 2 (EX 5),MAIPU NRO. NRO:275,RAFAELA,2300,MAIPU,"MAIPU, RAFAELA, Argentina","Maipú, 9 de Julio, Rafaela, Municipio de Rafaela, Departamento Castellanos, S2300, Argentina",-31.2498879,-61.4971533
OLAVARRIA Nº 3,COLÓN NRO:3020,OLAVARRIA,7400,COLÓN,"COLÓN, OLAVARRIA, Argentina","Avenida Colón, 12 de Octubre, Olavarría, Partido de Olavarría, Buenos Aires, B7400, Argentina",-36.8762226,-60.3338608
ESQUEL Nº 2,AV. FONTANA NRO:687,ESQUEL,9200,AVENIDA. FONTANA,"AVENIDA. FONTANA, ESQUEL, Argentina","Avenida Fontana, Jorge Newbery, Esquel, Municipio de Esquel, Departamento Futaleufú, Chubut, U9200, Argentina",-42.9155951,-71.3142093
RUFINO,BERNABE FERREYRA NRO:542,RUFINO,6100,BERNABE FERREYRA,"BERNABE FERREYRA, RUFINO, Argentina","Bernabé Ferreyra, Tiro Federal, Rufino, Municipio de Rufino, Departamento General López, 6100, Argentina",-34.2632685,-62.7235639
ARISTOBULO DEL VALLE,COMANDANTE ANDRESITO NRO:721,ARISTOBULO DEL VALLE,3364,COMANDANTE ANDRESITO,"COMANDANTE ANDRESITO, ARISTOBULO DEL VALLE, Argentina","Comandante Andresito, Norte, Aristóbulo del Valle, Municipio de Aristóbulo del Valle, Departamento Cainguás, Misiones, Argentina",-27.0935452,-54.8960178
CHOELE CHOEL,AVELLANEDA NRO.1078,CHOELE CHOEL,8360,AVELLANEDA,"AVELLANEDA, CHOELE CHOEL, Argentina","Avellaneda, Almafuerte, Choele Choel, Municipio de Choele Choel, Departamento Avellaneda, Río Negro, R8360, Argentina",-39.2872549,-65.6666091
ROSARIO DEL TALA,ROQUE SAENZ PENA NRO:369,ROSARIO DEL TALA,3174,ROQUE SAENZ PENA,"ROQUE SAENZ PENA, ROSARIO DEL TALA, Argentina","Roque Sáenz Peña, Rosario del Tala, Distrito Pueblo Segundo, Departamento Tala, E3174ZAA, Argentina",-32.2995112,-59.1446849
POSADAS Nº 5,GRAL. PAZ NRO:1656,POSADAS,3300,GENERAL. PAZ,"GENERAL. PAZ, POSADAS, Argentina","General Paz, Centro, Centro de Integración Territorial Centro, Posadas, Municipio de Posadas, Departamento Capital, Misiones, N3300AFK, Argentina",-27.3685484,-55.8884918
DIAMANTE,MITRE NRO:218,DIAMANTE,3105,MITRE,"MITRE, DIAMANTE, Argentina","Mitre, Diamante, Distrito Costa Grande, Departamento Diamante, Entre Ríos, 3105, Argentina",-32.0698287,-60.6420297
BELL VILLE Nº 2,CORDOBA NRO:194 PISO:1,BELL VILLE,2550,CORDOBA,"CORDOBA, BELL VILLE, Argentina","Córdoba, Bell Ville, Municipio de Bell Ville, Pedanía Bell Ville, Departamento Unión, Córdoba, X2550, Argentina",-32.630435,-62.701126
OBERA Nº 2,SANTIAGO DEL ESTERO NRO:50,OBERA,3360,SANTIAGO DEL ESTERO,"SANTIAGO DEL ESTERO, OBERA, Argentina","Santiago del Estero, Barrio Villa Kindgreen, Oberá, Municipio de Oberá, Departamento Oberá, Misiones, 3360, Argentina",-27.4770553,-55.1236896
FORMOSA Nº 3,FONTANA NRO:280,FORMOSA,3600,FONTANA,"FONTANA, FORMOSA, Argentina","Fontana, Formosa, Municipio de Formosa, Departamento Formosa, Formosa, 3600, Argentina",-26.1860398,-58.1894153
TUCUMAN Nº 10,JUJUY NRO:620,TUCUMAN,4000,JUJUY,"JUJUY, TUCUMAN, Argentina","Jujuy, El Cruce, San Miguel de Tucumán, Departamento Capital, Tucumán, T4000, Argentina",-26.8433737,-65.2140789
NOGOYA,QUIROGA Y TABOADA NRO:876,NOGOYA,3150,QUIROGA Y TABOADA,"QUIROGA Y TABOADA, NOGOYA, Argentina","Quiroga y Taboada, Nogoyá, Distrito Montoya, Departamento Nogoyá, Argentina",-32.4001067,-59.7845485
NUEVE DE JULIO Nº 1,AV.SAN MARTIN NRO:969,NUEVE DE JULIO,6500,AVENIDASAN MARTIN,"AVENIDASAN MARTIN, NUEVE DE JULIO, Argentina",,,
BAHIA BLANCA Nº 6,GUEMES NRO:267,BAHIA BLANCA,8000,GUEMES,"GUEMES, BAHIA BLANCA, Argentina","Güemes, Hospital, Pacífico, Bahía Blanca, Cuartel I, Partido de Bahía Blanca, Buenos Aires, B8000AGE, Argentina",-38.7097285,-62.2841699
LA BANDA Nº 1,ALEM NRO:466,LA BANDA,4300,ALEM,"ALEM, LA BANDA, Argentina","Alem, Centro, La Banda, Municipio de La Banda, Departamento Banda, Santiago del Estero, G4300, Argentina",-27.7278633,-64.2350268
FRIAS,ALVEAR NRO:681,FRIAS,4230,ALVEAR,"ALVEAR, FRIAS, Argentina","Alvear, Centro, Frías, Municipio de Frías, Departamento Choya, Santiago del Estero, G4243, Argentina",-28.6310231,-65.1316737
VILLAGUAY,ALEM NRO:267,VILLAGUAY,3240,ALEM,"ALEM, VILLAGUAY, Argentina","Alem, Villaguay, Distrito Lucas al Sud, Departamento Villaguay, 3240, Argentina",-31.868119,-59.0253079
ALEJO LEDESMA,HIPOLITO YRIGOYEN NRO:238,ALEJO LEDESMA,2662,HIPOLITO YRIGOYEN,"HIPOLITO YRIGOYEN, ALEJO LEDESMA, Argentina","Hipólito Yrigoyen, Alejo Ledesma, Municipio de Alejo Ledesma, Pedanía Las Tunas, Departamento Marcos Juárez, Córdoba, X2580, Argentina",-33.6067485,-62.6219441
RESISTENCIA Nº 4,LAS HERAS NRO:370,RESISTENCIA,3500,LAS HERAS,"LAS HERAS, RESISTENCIA, Argentina","Avenida Las Heras, Villa Itatí, Resistencia, Municipio de Resistencia, Departamento San Fernando, Chaco, H3504BHB, Argentina",-27.4632225,-58.9859965
RAFAELA Nº 5,ERNESTO SALVA NRO:609,RAFAELA,2300,ERNESTO SALVA,"ERNESTO SALVA, RAFAELA, Argentina","Avenida Ernesto Salva, 9 de Julio, Rafaela, Municipio de Rafaela, Departamento Castellanos, S2300, Argentina",-31.2423395,-61.495217
VERA,EUGENIO ALEMÁN NRO:1764,VERA,3550,EUGENIO ALEMÁN,"EUGENIO ALEMÁN, VERA, Argentina","Eugenio Aleman, Centro, Vera, Municipio de Vera, Departamento Vera, 3550, Argentina",-29.4606744,-60.215767
LA RIOJA Nº 3,BUENOS AIRES NRO:510,LA RIOJA,5300,BUENOS AIRES,"BUENOS AIRES, LA RIOJA, Argentina","Buenos Aires, La Rioja, Departamento Capital, La Rioja, F5300, Argentina",-29.4178998,-66.8559235
BARRANQUERAS,AV. LAPRIDA NRO:5208,BARRANQUERAS,3503,AVENIDA. LAPRIDA,"AVENIDA. LAPRIDA, BARRANQUERAS, Argentina","Avenida Laprida, Villa Florida, Barranqueras, Departamento San Fernando, Chaco, H3503, Argentina",-27.4821133,-58.937237
LAS VARILLAS,GENERAL ROCA NRO:387,LAS VARILLAS,5940,GENERAL ROCA,"GENERAL ROCA, LAS VARILLAS, Argentina","General Roca, Centro, Barrio Centro, Las Varillas, Municipio de Las Varillas, Pedanía Sacanta, Departamento San Justo, Córdoba, X2400, Argentina",-31.8703547,-62.7215477
CHILECITO,ANTONIA IRRIBARREN NRO:237,CHILECITO,5360,ANTONIA IRRIBARREN,"ANTONIA IRRIBARREN, CHILECITO, Argentina",,,
CURUZÚ CUATIÁ,SAN MARTIN NRO:545,CURUZÚ CUATIÁ,3460,SAN MARTIN,"SAN MARTIN, CURUZÚ CUATIÁ, Argentina","San Martín, 32 v, Barrio Centenario, Municipio de Curuzú Cuatiá, Departamento Curuzú Cuatiá, Corrientes, 3460, Argentina",-29.7948617,-58.0414856
USHUAIA Nº 3,KUPANAKA NRO:121,USHUAIA,9410,KUPANAKA,"KUPANAKA, USHUAIA, Argentina","Kupanaka, Don Bosco, Ushuaia, Departamento Ushuaia, Tierra del Fuego, 1257, Argentina",-54.8177483,-68.3267933
PUERTO RICO,SAN MARTIN NRO:1480,PUERTO RICO,3334,SAN MARTIN,"SAN MARTIN, PUERTO RICO, Argentina","Argentina, 8, Doctor Ricardo Gutiérrez, Puerto Rico, Municipio de Puerto Rico, Departamento Libertador General San Martín, Misiones, 3334, Argentina",-26.8149889,-55.0266878
APOSTOLES,BARTOLOME MITRE NRO:261,APOSTOLES,3350,BARTOLOME MITRE,"BARTOLOME MITRE, APOSTOLES, Argentina","Bartolomé Mitre, Chaquito, Barrio Chaquito, Apóstoles, Municipio de Apóstoles, Departamento Apóstoles, Misiones, 3350, Argentina",-27.9148418,-55.7559665
CALETA OLIVIA Nº 1,SAN MARTIN NRO:2108,CALETA OLIVIA,9011,SAN MARTIN,"SAN MARTIN, CALETA OLIVIA, Argentina","San Martín, Mercado de la Ciudad, Caleta Olivia, Deseado, Santa Cruz, Argentina",-46.448871,-67.5248171
SAN SALVADOR DE JUJUY Nº 4,BALCARCE NRO:526,S. SALVADOR DE JUJUY,4600,BALCARCE,"BALCARCE, S. SALVADOR DE JUJUY, Argentina","General Balcarce, Centro, Asentamiento Puente Otero, Municipio de San Salvador de Jujuy, Departamento Doctor Manuel Belgrano, Jujuy, Y4600AJR, Argentina",-24.1850487,-65.3055319
VIALE,9 DE JULIO NRO:361,VIALE,3109,DE JULIO,"DE JULIO, VIALE, Argentina",,,
GONZALES CHAVES,JUAN ELICAGARAY NRO:317,GONZALES CHAVES,7513,JUAN ELICAGARAY,"JUAN ELICAGARAY, GONZALES CHAVES, Argentina","Juan Eliçagaray, Adolfo Gonzáles Chaves, Buenos Aires, B7513BUF, Argentina",-38.0413552,-60.0870185
CHAMICAL,MARIANO MORENO NRO:36,CHAMICAL,5380,MARIANO MORENO,"MARIANO MORENO, CHAMICAL, Argentina",,,
CALETA OLIVIA Nº 2,25 DE MAYO NRO:86,CALETA OLIVIA,9011,DE MAYO,"DE MAYO, CALETA OLIVIA, Argentina","1º de Mayo, Humedal, Caleta Olivia, Deseado, Santa Cruz, Argentina",-46.4606243,-67.5343206
GUALEGUAY Nº 1,25 DE MAYO NRO:521,GUALEGUAY,2840,DE MAYO,"DE MAYO, GUALEGUAY, Argentina","1 de Mayo, Gualeguay, Distrito Cuchilla, Departamento Gualeguay, Argentina",-33.1496601,-59.3108032
ROJAS,CASTELLI NRO:516,ROJAS,2705,CASTELLI,"CASTELLI, ROJAS, Argentina","Castelli, Barrio Progreso, Rojas, Partido de Rojas, Buenos Aires, 2705, Argentina",-34.1980353,-60.7267938
EL COLORADO,MARTIN FIERRO NRO:42,EL COLORADO,3603,MARTIN FIERRO,"MARTIN FIERRO, EL COLORADO, Argentina","Martín Fierro, Barrio Mitre, El Colorado, Municipio de El Colorado, Departamento Pirané, Formosa, P3603, Argentina",-26.3095142,-59.3775507
USHUAIA Nº 1,ASCASUBI (ESQ.WALANIKA) NRO:23,USHUAIA,9410,ASCASUBI (ESQ.WALANIKA),"ASCASUBI (ESQ.WALANIKA), USHUAIA, Argentina",,,
RECREO,SARMIENTO NRO:42,RECREO,5260,SARMIENTO,"SARMIENTO, RECREO, Argentina","Sarmiento, Obrero, Recreo, Municipio de Recreo, Departamento La Paz, Catamarca, K5264, Argentina",-29.2828537,-65.0691376
SAN JORGE Nº 1,URQUIZA NRO:930,SAN JORGE,2451,URQUIZA,"URQUIZA, SAN JORGE, Argentina","Urquiza, Municipio de San Jorge, Departamento San Martín, S2452, Argentina",-31.8872772,-61.8542069
ALBERTI,9 DE JULIO NRO:34,ALBERTI,6634,DE JULIO,"DE JULIO, ALBERTI, Argentina","9 de Julio, Alberti, Partido de Alberti, Buenos Aires, B6634, Argentina",-35.0336734,-60.2863413
SALTA Nº 4,CORRIENTES NRO:577,SALTA,4400,CORRIENTES,"CORRIENTES, SALTA, Argentina","Corrientes, Barrio Hernando de Lerma, Bº Casino, Salta, Capital, Salta, 4402, Argentina",-24.8011081,-65.4148567
CONCORDIA Nº 3,PARANA NRO:117,CONCORDIA,3200,PARANA,"PARANA, CONCORDIA, Argentina","Paraná, Almafuerte, Concordia, Distrito Suburbios, Departamento Concordia, E3200DWC, Argentina",-31.4040928,-58.0187934
RAFAELA Nº 4,TUCUMAN NRO:150,RAFAELA,2300,TUCUMAN,"TUCUMAN, RAFAELA, Argentina","Tucumán, Alberdi, Rafaela, Municipio de Rafaela, Departamento Castellanos, S2300, Argentina",-31.2502155,-61.4840343
MEDANOS,SAENZ NRO:87 PISO:1 DTO/OF:A,MEDANOS,8132,SAENZ DEPARTAMENTO/:A,"SAENZ DEPARTAMENTO/:A, MEDANOS, Argentina",,,
SALTA Nº 2,TUCUMAN NRO:289,SALTA,4400,TUCUMAN,"TUCUMAN, SALTA, Argentina","Tucumán, Salta, Capital, Salta, 4402, Argentina",-24.7995142,-65.4166361
SAN RAFAEL Nº 1,HIPOLITO YRIGOYEN NRO:61 PISO:1 DTO/OF:6,SAN RAFAEL,5600,HIPOLITO YRIGOYEN DEPARTAMENTO/:,"HIPOLITO YRIGOYEN DEPARTAMENTO/:, SAN RAFAEL, Argentina","Avenida Hipólito Yrigoyen, San Rafael, Departamento San Rafael, Mendoza, 5602, Argentina",-34.6146597,-68.3341863
RIO CUARTO Nº 3,PEDERNERA NRO:341,RIO CUARTO,5800,PEDERNERA,"PEDERNERA, RIO CUARTO, Argentina","Pedernera, General Roca, Río Cuarto, Municipio de Río Cuarto, Pedanía Río Cuarto, Departamento Río Cuarto, Córdoba, X5800, Argentina",-33.129813,-64.3452098
PARANA Nº 4,CORDOBA NRO:247,PARANA,3100,CORDOBA,"CORDOBA, PARANA, Argentina","Córdoba, Barrio Centro, Paraná, Municipio de Paraná, Distrito Sauce, Departamento Paraná, E3100, Argentina",-31.7291172,-60.5333935
SAN JUAN Nº 4,SANTA FE - ESTE NRO:79,SAN JUAN,5400,SANTA FE - ESTE,"SANTA FE - ESTE, SAN JUAN, Argentina","Santa Fe, Parque Centenario, Policial, San Luis, Municipio de San Luis, Juan Martín de Pueyrredón, San Luis, D5700HHW, Argentina",-33.2819402,-66.3143973
LOS TOLDOS,HIPOLITO IRIGOYEN NRO:196,LOS TOLDOS,6015,HIPOLITO IRIGOYEN,"HIPOLITO IRIGOYEN, LOS TOLDOS, Argentina",,,
FORMOSA Nº 1,MORENO NRO:458,FORMOSA,3600,MORENO,"MORENO, FORMOSA, Argentina","Moreno, Ibarreta, Municipio de Ibarreta, Departamento Patiño, Formosa, Argentina",-25.2065741,-59.8622589
POSADAS Nº 1,TRES DE FEBRERO NRO:2025,POSADAS,3300,TRES DE FEBRERO,"TRES DE FEBRERO, POSADAS, Argentina","Comisaría Tres de Febrero 10ª - Seccional Sáenz Peña, 401 - Gervasio de Posadas, Sáenz Peña, Partido de Tres de Febrero, Buenos Aires, B1674, Argentina",-34.6026663,-58.5272929
RECONQUISTA Nº 1,BELGRANO NRO:1012,RECONQUISTA,3560,BELGRANO,"BELGRANO, RECONQUISTA, Argentina","Belgrano, Reconquista, Municipio de Reconquista, Departamento General Obligado, Argentina",-29.1648046,-59.6696311
PUERTO SANTA CRUZ,AV. ROCA NRO:665,PTO. STA. CRUZ,9300,AVENIDA. ROCA,"AVENIDA. ROCA, PTO. STA. CRUZ, Argentina","Avenida Roca, Puerto Santa Cruz, Corpen Aike, Santa Cruz, 9300, Argentina",-50.0168829,-68.5256056
ARTEAGA,PARAGUAY NRO:118,ARTEAGA,2187,PARAGUAY,"PARAGUAY, ARTEAGA, Argentina","Paraguay, Municipio de Arteaga, Departamento Caseros, S2187, Argentina",-33.0861931,-61.7950997
SAN RAFAEL Nº 2,MORENO NRO:310,SAN RAFAEL,5600,MORENO,"MORENO, SAN RAFAEL, Argentina","Moreno, Rafael Origone, Municipio de Villa Mercedes, General Pedernera, San Luis, 5730, Argentina",-33.670132,-65.453693
RIO TURBIO,AV. PTE. RAMON CASTILLO ESQ.LAGO DEL DESIERTO,RIO TURBIO,9407,AVENIDA. PRESIDENTE. RAMON CASTILLO ESQ.LAGO DEL DESIERTO,"AVENIDA. PRESIDENTE. RAMON CASTILLO ESQ.LAGO DEL DESIERTO, RIO TURBIO, Argentina",,,
RIO GALLEGOS Nº 1,PASTEUR NRO:225,RIO GALLEGOS,9400,PASTEUR,"PASTEUR, RIO GALLEGOS, Argentina","Louis Pasteur, Nuestra Señora del Carmen, Río Gallegos, Municipio de Río Gallegos, Güer Aike, Santa Cruz, 9400, Argentina",-51.6176412,-69.2387853
BALNEARIA,MAIPU NRO:20,BALNEARIA,5141,MAIPU,"MAIPU, BALNEARIA, Argentina","Maipú, Balnearia, Municipio de Balnearia, Pedanía Concepción, Departamento San Justo, Córdoba, X2400, Argentina",-31.0046311,-62.6633832
SAN JUSTO,GDOR. CABAL NRO:2255,SAN JUSTO,3040,GDOR. CABAL,"GDOR. CABAL, SAN JUSTO, Argentina",,,
SAN JUAN Nº 2,25 DE MAYO (ESTE) NRO:335,SAN JUAN,5400,DE MAYO (ESTE),"DE MAYO (ESTE), SAN JUAN, Argentina",,,
FORMOSA Nº 2,JULIO A. ROCA NRO:1276,FORMOSA,3600,JULIO A. ROCA,"JULIO A. ROCA, FORMOSA, Argentina","Julio A. Roca, Eva Perón, Villa General Manuel Belgrano, Municipio de El Recreo, Departamento Patiño, Formosa, P3615, Argentina",-24.9388159,-59.028423
PLAZA HUINCUL,CORDOBA NRO:811,PLAZA HUINCUL,8318,CORDOBA,"CORDOBA, PLAZA HUINCUL, Argentina","Avenida Córdoba, Otaño, Plaza Huincul, Municipio de Plaza Huincul, Departamento Confluencia, Neuquén, Q8318, Argentina",-38.9311185,-69.1880207
LA QUIACA,CATAMARCA NRO:52,LA QUIACA,4650,CATAMARCA,"CATAMARCA, LA QUIACA, Argentina","Catamarca, Belén, 9 de Julio, La Quiaca, Municipio de La Quiaca, Departamento Yavi, Jujuy, 4650, Argentina",-22.1049583,-65.5917072
HURLINGHAM Nº 3,AV. JULIO ARGENTINO ROCA NRO:1755,HURLINGHAM,1686,AVENIDA. JULIO ARGENTINO ROCA,"AVENIDA. JULIO ARGENTINO ROCA, HURLINGHAM, Argentina","Avenida Julio Argentino Roca, Hurlingham, Partido de Hurlingham, Buenos Aires, B1686, Argentina",-34.5924289,-58.6238696
PARANA Nº 5,MENDOZA NRO:315,PARANA,3100,MENDOZA,"MENDOZA, PARANA, Argentina","Mendoza, Barrio Virgen de Lourdes, Paraná, Municipio de Paraná, Distrito Sauce, Departamento Paraná, E3100, Argentina",-31.7263364,-60.5388908
VIEDMA Nº 2,LAPRIDA NRO:604,VIEDMA,8500,LAPRIDA,"LAPRIDA, VIEDMA, Argentina","Laprida, Belgrano, Manuel Belgrano, Viedma, Municipio de Viedma, Departamento Adolfo Alsina, Río Negro, R8500, Argentina",-40.8049042,-62.9983066
PUNTA ALTA Nº 1,BDO. DE IRIGOYEN NRO:49,PUNTA ALTA,8109,BDO. DE IRIGOYEN,"BDO. DE IRIGOYEN, PUNTA ALTA, Argentina",,,
VILLA OCAMPO,J.B. ALBERDI NRO:1132,VILLA OCAMPO,3580,J.B. ALBERDI,"J.B. ALBERDI, VILLA OCAMPO, Argentina",,,
REALICO,GDOR. CENTENO NRO:1638,REALICO,6200,GDOR. CENTENO,"GDOR. CENTENO, REALICO, Argentina",,,
SAN JUAN Nº 8,ENTRE RIOS (NORTE) NRO:347,SAN JUAN,5402,ENTRE RIOS (NORTE),"ENTRE RIOS (NORTE), SAN JUAN, Argentina",,,
RIO GRANDE Nº 4,ESTRADA NRO:729,RIO GRANDE,V9420AXG,ESTRADA,"ESTRADA, RIO GRANDE, Argentina","José Manuel Estrada, Thorne, Centro, Río Grande, Municipio de Río Grande, Departamento Río Grande, Tierra del Fuego, 9420, Argentina",-53.7813668,-67.7005009
CATAMARCA Nº 1,MAIPU NRO:10,CATAMARCA,4700,MAIPU,"MAIPU, CATAMARCA, Argentina","Maipú, La Tablada, San Fernando del Valle de Catamarca, Municipio de San Fernando del Valle de Catamarca, Departamento Capital, Catamarca, K4700, Argentina",-28.4824054,-65.7807894
CANALS,9 DE JULIO NRO:152,CANALS,2650,DE JULIO,"DE JULIO, CANALS, Argentina","9 de Julio, Canals, Municipio de Canals, Pedanía Loboy, Departamento Unión, Córdoba, X2550, Argentina",-33.5614341,-62.8827372
CORRIENTES Nº 2,9 DE JULIO NRO:1072,CORRIENTES,3400,DE JULIO,"DE JULIO, CORRIENTES, Argentina",,,
VILLA ANGELA,ECHEVERRIA NRO:156,VILLA ANGELA,3540,ECHEVERRIA,"ECHEVERRIA, VILLA ANGELA, Argentina","Echeverría, Barrio General San Martín, Villa Ángela, Municipio de Villa Ángela, Departamento Mayor Luis Jorge Fontana, Chaco, 3540, Argentina",-27.5753446,-60.7026512
VENADO TUERTO Nº 3,CHACABUCO NRO:98,VENADO TUERTO,2600,CHACABUCO,"CHACABUCO, VENADO TUERTO, Argentina","Chacabuco, Centro II, Venado Tuerto, Municipio de Venado Tuerto, Departamento General López, S2600, Argentina",-33.7481237,-61.9667042
LA BANDA Nº 2,AVELLANEDA NRO:313,LA BANDA,4300,AVELLANEDA,"AVELLANEDA, LA BANDA, Argentina","Avellaneda, Centro, La Banda, Municipio de La Banda, Departamento Banda, Santiago del Estero, G4300, Argentina",-27.740018,-64.2487481
POSADAS Nº 4,BUENOS AIRES (EX 184) NRO:1564,POSADAS,3300,BUENOS AIRES (EX ),"BUENOS AIRES (EX ), POSADAS, Argentina",,,
HELVECIA,SENADOR ANTILLE NRO:680,HELVECIA,3003,SENADOR ANTILLE,"SENADOR ANTILLE, HELVECIA, Argentina",,,
SAN JUAN Nº 1,ABERASTAIN (S) NRO:422,SAN JUAN,5400,ABERASTAIN (S),"ABERASTAIN (S), SAN JUAN, Argentina","Aberastain y San Lorenzo, Aberastain, Villa Juan Jufré, Concepción, San Juan, Capital, San Juan, J5400EPX, Argentina",-31.5179589,-68.520574
CORRIENTES Nº 3,SAN MARTIN NRO:634,CORRIENTES,3400,SAN MARTIN,"SAN MARTIN, CORRIENTES, Argentina","Barrio San Martin, Santo Tomé, Municipio de Santo Tomé, Departamento Santo Tomé, Corrientes, Argentina",-28.5619533,-56.0469054
AMERICA,RIVADAVIA NRO:375,AMERICA,6237,RIVADAVIA,"RIVADAVIA, AMERICA, Argentina","Rivadavia, América, Partido de Rivadavia, Buenos Aires, 6237, Argentina",-35.4904943,-62.9760932
PUNTA ALTA Nº 2,HUMBERTO 1° NRO:579,PUNTA ALTA,8109,HUMBERTO °,"HUMBERTO °, PUNTA ALTA, Argentina","Humberto Primo, Albatros XV, Villa Maio, Punta Alta, Cuartel VI, Partido de Coronel de Marina Leonardo Rosales, Buenos Aires, 9109, Argentina",-38.8507205,-62.0902179
YERBA BUENA Nº 2,BELGRANO NRO:51 PISO: DTO/OF:26,YERBA BUENA,4107,BELGRANO PISO: DEPARTAMENTO/:,"BELGRANO PISO: DEPARTAMENTO/:, YERBA BUENA, Argentina",,,
CENTENARIO Nº 3,URUGUAY NRO:269,CENTENARIO,8309,URUGUAY,"URUGUAY, CENTENARIO, Argentina","Uruguay, Sarmiento I, Centenario, Municipio de Centenario, Departamento Confluencia, Neuquén, 8309, Argentina",-38.8343494,-68.1311786
CATAMARCA Nº 4,MAIPU NRO:437 PISO:1,CATAMARCA,4700,MAIPU,"MAIPU, CATAMARCA, Argentina","Maipú, La Tablada, San Fernando del Valle de Catamarca, Municipio de San Fernando del Valle de Catamarca, Departamento Capital, Catamarca, K4700, Argentina",-28.4824054,-65.7807894
PARANA Nº 6,GRAL. PASCUAL ECHAGÚE NRO:888,PARANA,E3100HLQ,GENERAL. PASCUAL ECHAGÚE,"GENERAL. PASCUAL ECHAGÚE, PARANA, Argentina","General Pascual Echagüe, Barrio Centro Oeste, Paraná, Municipio de Paraná, Distrito Sauce, Departamento Paraná, 3100, Argentina",-31.7390739,-60.520921
LINCOLN Nº 1,AV. 25 DE MAYO NRO:615,LINCOLN,6070,AVENIDA. DE MAYO,"AVENIDA. DE MAYO, LINCOLN, Argentina","Avenida 25 de Mayo, Lincoln, Partido de Lincoln, Buenos Aires, 6070, Argentina",-34.8585111,-61.5412305
GENERAL PICO Nº 1,CALLE 9 NRO:638,GENERAL PICO,6360,CALLE,"CALLE, GENERAL PICO, Argentina","Banco Nación, 1100, Calle 15, Centro, General Pico, Municipio de General Pico, Departamento Maracó, La Pampa, 6360, Argentina",-35.6587167,-63.7527771
TRENQUE LAUQUEN Nº 1,ROCA NRO:413,TRENQUE LAUQUEN,6400,ROCA,"ROCA, TRENQUE LAUQUEN, Argentina","Roca, Los Fresnos, Trenque Lauquen, Partido de Trenque Lauquen, Buenos Aires, 6400, Argentina",-35.9754062,-62.733623
RIO CUARTO Nº 5,FRAY QUIRICO PORRECA NRO:41,RIO CUARTO,X5804ALA,FRAY QUIRICO PORRECA,"FRAY QUIRICO PORRECA, RIO CUARTO, Argentina","Fray Quirico Porreca, La Agustina, Río Cuarto, Municipio de Río Cuarto, Pedanía Río Cuarto, Departamento Río Cuarto, Córdoba, X5800, Argentina",-33.1166716,-64.3288394
GALVEZ,SAN MARTIN NRO:467,GALVEZ,2252,SAN MARTIN,"SAN MARTIN, GALVEZ, Argentina","San Martín, Capitan Bermúdez, Gálvez, Municipio de Gálvez, Departamento San Jerónimo, Santa Fe, S2252IKR, Argentina",-32.0240028,-61.2269532
PELLEGRINI,ESPAÑA NRO:106,PELLEGRINI,6346,ESPAÑA,"ESPAÑA, PELLEGRINI, Argentina","España, Barrio San Marcos, Pellegrini, Partido de Pellegrini, Buenos Aires, 6346, Argentina",-36.263821,-63.162837
QUINES,SAAVEDRA NRO:489,QUINES,D5711AIS,SAAVEDRA,"SAAVEDRA, QUINES, Argentina",,,
GENERAL CABRERA,9 DE JULIO NRO:625,GRAL. CABRERA,5809,DE JULIO,"DE JULIO, GRAL. CABRERA, Argentina",,,
TORNQUIST,SAN MARTIN NRO:438,TORNQUIST,8160,SAN MARTIN,"SAN MARTIN, TORNQUIST, Argentina","San Martín, Avenida 25 de Mayo, Sur, Tornquist, Cuartel I, Partido de Tornquist, Buenos Aires, B8160AEO, Argentina",-38.102082,-62.2225578
SAN JAVIER,RIVADAVIA NRO:1812,SAN JAVIER,3005,RIVADAVIA,"RIVADAVIA, SAN JAVIER, Argentina","Rivadavia, Colonia Indigena, Municipio de San Javier, Departamento San Javier, S3005, Argentina",-30.5859465,-59.9335639
TRENQUE LAUQUEN Nº 2,WILDE ENTRE GUTIERREZ Y SARGENTO CABRAL NRO:280,TRENQUE LAUQUEN,6400,WILDE,"WILDE, TRENQUE LAUQUEN, Argentina","Wilde, Circulo Cerrado, Trenque Lauquen, Partido de Trenque Lauquen, Buenos Aires, 6400, Argentina",-35.9648876,-62.7399082
DAIREAUX,RIVADAVIA NRO:182,DAIREAUX,6555,RIVADAVIA,"RIVADAVIA, DAIREAUX, Argentina","Rivadavia, Daireaux, Partido de Daireaux, Buenos Aires, 6555, Argentina",-36.5983749,-61.7414877
MONTECARLO,ROQUE SAENZ PEÑA NRO:105,MONTECARLO,3384,ROQUE SAENZ PEÑA,"ROQUE SAENZ PEÑA, MONTECARLO, Argentina","Roque Saenz Peña, Barrio 9 de Julio, Montecarlo, Municipio de Montecarlo, Departamento Montecarlo, Misiones, 3384, Argentina",-26.563432,-54.7633567
RAFAELA Nº 3,MAIPU NRO:360,RAFAELA,2300,MAIPU,"MAIPU, RAFAELA, Argentina","Maipú, 9 de Julio, Rafaela, Municipio de Rafaela, Departamento Castellanos, S2300, Argentina",-31.2498879,-61.4971533
VICUÑA MACKENNA,AV. CARLOS S. YDE NRO:1624,VICUNA MACKENNA,6140,AVENIDA. CARLOS S. YDE,"AVENIDA. CARLOS S. YDE, VICUNA MACKENNA, Argentina","Avenida Carlos S. Yde, Villa Pueyrredón, Vicuña Mackenna, Municipio de Vicuña Mackenna, Pedanía Cautiva, Departamento Río Cuarto, Córdoba, X5800, Argentina",-33.9229773,-64.39206
HUINCA RENANCO,PTE. J. D. PERON NRO:281,HUINCA RENANCO,6270,PRESIDENTE. J. D. PERON,"PRESIDENTE. J. D. PERON, HUINCA RENANCO, Argentina",,,
LA RIOJA Nº 4,CORONEL LAGOS NRO:150,LA RIOJA,5300,CORONEL LAGOS,"CORONEL LAGOS, LA RIOJA, Argentina","Coronel Lagos, Los Olmos, La Rioja, Departamento Capital, La Rioja, F5300, Argentina",-29.417722,-66.8646134
SAN JUAN Nº 6,RIVADAVIA - ESTE NRO:285 PISO:1,SAN JUAN,5400,RIVADAVIA - ESTE,"RIVADAVIA - ESTE, SAN JUAN, Argentina","Rivadavia Este, Villa San Isidro, Villa Paula Albarracín de Sarmiento, Chimbas, San Juan, 5413, Argentina",-31.4907321,-68.5233532
SAN JULIAN,AV.PIEDRABUENA NRO:658,PUERTO SAN JULIAN,9310,AVENIDAPIEDRABUENA,"AVENIDAPIEDRABUENA, PUERTO SAN JULIAN, Argentina",,,
POZO DEL MOLLE,25 DE MAYO NRO:14 PISO: DTO/OF:5,POZO DEL MOLLE,5913,DE MAYO PISO: DEPARTAMENTO/:,"DE MAYO PISO: DEPARTAMENTO/:, POZO DEL MOLLE, Argentina",,,
RAFAELA Nº 1,CHILE NRO:442,RAFAELA,2300,CHILE,"CHILE, RAFAELA, Argentina","Chile, 30 de Octubre, Rafaela, Municipio de Rafaela, Departamento Castellanos, S2300, Argentina",-31.2448242,-61.486313
GENERAL PICO Nº 3,CALLE 12 NORTE NRO:158,GENERAL PICO,6360,CALLE NORTE,"CALLE NORTE, GENERAL PICO, Argentina","Calle 4 Norte, Rucci, José Ignacio Rucci, General Pico, Municipio de General Pico, Departamento Maracó, La Pampa, 6360, Argentina",-35.6537787,-63.776743
JUAN BAUTISTA ALBERDI,ALMIRANTE BROWN NRO:518,JUAN B.ALBERDI,4158,ALMIRANTE BROWN,"ALMIRANTE BROWN, JUAN B.ALBERDI, Argentina",,,
BENITO JUAREZ,URUGUAY NRO:8,BENITO JUAREZ,7020,URUGUAY,"URUGUAY, BENITO JUAREZ, Argentina","Avenida República Oriental del Uruguay, Prado Español, Benito Juárez, Partido de Benito Juárez, Buenos Aires, 7020, Argentina",-37.6728087,-59.8021993
AÑATUYA,SARMIENTO (ENTRE CHACABUCO Y GOTTAU),ANATUYA,3760,SARMIENTO (),"SARMIENTO (), ANATUYA, Argentina","Sarmiento, Barrio Centro, Añatuya, Municipio de Añatuya, Departamento General Taboada, Santiago del Estero, G3743, Argentina",-28.4666854,-62.8417419
BAHIA BLANCA Nº 7,FITZ ROY NRO:279,BAHIA BLANCA,8000,FITZ ROY,"FITZ ROY, BAHIA BLANCA, Argentina","Fitz Roy, Centro Sudeste, Bahía Blanca, Cuartel I, Partido de Bahía Blanca, Buenos Aires, B8000LQC, Argentina",-38.723367,-62.2660797
ESPERANZA Nº 2,CASTELLI NRO:1941,ESPERANZA,3080,CASTELLI,"CASTELLI, ESPERANZA, Argentina","Castelli, Centro Oeste, Esperanza, Municipio de Esperanza, Departamento Las Colonias, 3080, Argentina",-31.4516038,-60.9305521
SANTA ROSA Nº 3,MORENO NRO:174,SANTA ROSA,6300,MORENO,"MORENO, SANTA ROSA, Argentina","Moreno, Santa Rosa, Tintina, Municipio de Tintina, Departamento Moreno, Santiago del Estero, G3740, Argentina",-27.0237276,-62.7082888
SAN FRANCISCO Nº 2,ITURRASPE NRO:1836,SAN FRANCISCO,2400,ITURRASPE,"ITURRASPE, SAN FRANCISCO, Argentina","Iturraspe, San Francisco, Municipio de San Francisco, Pedanía Juárez Celman, Departamento San Justo, Córdoba, X2400, Argentina",-31.4292697,-62.0793102
LA RIOJA Nº 2,JOAQUIN V. GONZALEZ NRO:554,LA RIOJA,5300,JOAQUIN V. GONZALEZ,"JOAQUIN V. GONZALEZ, LA RIOJA, Argentina","Joaquin V. González, Anjullón, Departamento Castro Barros, La Rioja, F5301, Argentina",-28.719232,-66.9283974
COLON,CALLE 23 NRO:614,COLON,2720,CALLE,"CALLE, COLON, Argentina",,,
LINCOLN Nº 2,BROWN NRO:132,LINCOLN,6070,BROWN,"BROWN, LINCOLN, Argentina","Brown, España, Lincoln, Partido de Lincoln, Buenos Aires, B6070, Argentina",-34.8684062,-61.5210276
GENERAL ACHA,MORENO NRO:869,GENERAL ACHA,8200,MORENO,"MORENO, GENERAL ACHA, Argentina","Moreno, General Acha, Municipio de General Acha, Departamento Utracán, La Pampa, L8200, Argentina",-37.3830177,-64.5966669
CATAMARCA Nº 2,MAIPU NRO:420,CATAMARCA,4700,MAIPU,"MAIPU, CATAMARCA, Argentina","Maipú, La Tablada, San Fernando del Valle de Catamarca, Municipio de San Fernando del Valle de Catamarca, Departamento Capital, Catamarca, K4700, Argentina",-28.4824054,-65.7807894
GUATRACHE,COLON NRO:347,GUATRACHE,6311,COLON,"COLON, GUATRACHE, Argentina","Colón, Guatraché, Municipio de Guatraché, Departamento Guatraché, La Pampa, L6311, Argentina",-37.6648855,-63.5349406
VIEDMA Nº 1,GARRONE NRO:226,VIEDMA,8500,GARRONE,"GARRONE, VIEDMA, Argentina","Garrone 362, Manuel Belgrano, Viedma, Municipio de Viedma, Departamento Adolfo Alsina, Río Negro, Argentina",-40.8066302,-62.9940865
ALVEAR,CALLE HERMANOS GOMEZ NRO:598,ALVEAR,3344,CALLE HERMANOS GOMEZ,"CALLE HERMANOS GOMEZ, ALVEAR, Argentina",,,
LOBERIA,FRANCIA NRO:65,LOBERIA,7635,FRANCIA,"FRANCIA, LOBERIA, Argentina","Francia, Lobería, Partido de Lobería, Buenos Aires, 7635, Argentina",-38.1592504,-58.7797734
GENERAL PICO Nº 2,CALLE 32 NRO:68,GENERAL PICO,6360,CALLE,"CALLE, GENERAL PICO, Argentina","Banco Nación, 1100, Calle 15, Centro, General Pico, Municipio de General Pico, Departamento Maracó, La Pampa, 6360, Argentina",-35.6587167,-63.7527771
LA RIOJA Nº 1,JUSTO JOSE DE URQUIZA NRO:254,LA RIOJA,5300,JUSTO JOSE DE URQUIZA,"JUSTO JOSE DE URQUIZA, LA RIOJA, Argentina","Justo Jose de Urquiza, Los Olmos, La Rioja, Departamento Capital, La Rioja, F5300, Argentina",-29.4193303,-66.8679164
VILLA CAÑAS,AVENIDA 51 NRO:110,VILLA CANAS,2607,AVENIDA,"AVENIDA, VILLA CANAS, Argentina",,,
PIGUE,CIUDAD DE RODEZ NRO:55,PIGUE,8170,CIUDAD DE RODEZ,"CIUDAD DE RODEZ, PIGUE, Argentina","Ciudad de Rodez, Ducós, Pigüé, Cuartel II, Partido de Saavedra, Buenos Aires, 8170, Argentina",-37.6044864,-62.4077561
CARMEN DE PATAGONES,HIPOLITO YRIGOYEN NRO:431 PISO:PB,CARMEN DE PATAGONES,8504,HIPOLITO YRIGOYEN PISO:PB,"HIPOLITO YRIGOYEN PISO:PB, CARMEN DE PATAGONES, Argentina",,,
TAPALQUE,MITRE NRO:128,TAPALQUE,7303,MITRE,"MITRE, TAPALQUE, Argentina","Bartolomé Mitre, Tapalqué, Partido de Tapalqué, Buenos Aires, B7303BMA, Argentina",-36.3568449,-60.0232036
JOVITA,GRAL PAZ NRO:467,JOVITA,6127,GENERAL PAZ,"GENERAL PAZ, JOVITA, Argentina","General Paz, Jovita, Municipio de Jovita, Pedanía Italó, Departamento General Roca, Córdoba, X6275, Argentina",-34.5196153,-63.9463724
PUERTO DESEADO,AV. 12 DE OCTUBRE NRO:846,PUERTO DESEADO,9050,AVENIDA. DE OCTUBRE,"AVENIDA. DE OCTUBRE, PUERTO DESEADO, Argentina",,,
TOSTADO,12 DE OCTUBRE NRO:1371,TOSTADO,3060,DE OCTUBRE,"DE OCTUBRE, TOSTADO, Argentina","12 de Octubre, Campo Mayo, Municipio de Tostado, Departamento 9 de Julio, S3060, Argentina",-29.2335365,-61.7703269
POSADAS Nº 2,CORDOBA NRO:1455,POSADAS,3300,CORDOBA,"CORDOBA, POSADAS, Argentina","Córdoba, Centro, Centro de Integración Territorial Centro, Posadas, Municipio de Posadas, Departamento Capital, Misiones, N3300AHT, Argentina",-27.3673822,-55.898972
BASAVILBASO,PODESTA NRO:311,BASAVILBASO,3170,PODESTA,"PODESTA, BASAVILBASO, Argentina","Podestá, Basavilbaso, Distrito Genacito, Departamento Uruguay, 3710, Argentina",-32.3699829,-58.8729166
SALLIQUELO,STROEDER ESTE NRO:143,SALLIQUELO,6339,STROEDER ESTE,"STROEDER ESTE, SALLIQUELO, Argentina","Avenida Hugo Stroeder Este, Salliqueló, Partido de Salliqueló, Buenos Aires, B6339, Argentina",-36.7556058,-62.9589304
GENERAL ARENALES,TUCUMAN NRO:140,GENERAL ARENALES,6003,TUCUMAN,"TUCUMAN, GENERAL ARENALES, Argentina","Tucumán, General Arenales, Partido de General Arenales, Buenos Aires, 6005, Argentina",-34.3016831,-61.3020676
CARHUE,COLON NRO:1318,CARHUE,6430,COLON,"COLON, CARHUE, Argentina","Colón, Avenida Colón, Centro, Carhué, Partido de Adolfo Alsina, Buenos Aires, 6430, Argentina",-37.1767902,-62.7600089
CORRAL DE BUSTOS,25 DE MAYO NRO:234,CORRAL DE BUSTOS,2645,DE MAYO,"DE MAYO, CORRAL DE BUSTOS, Argentina","Plaza 25 de Mayo, Corral De Bustos, Municipio de Corral de Bustos, Pedanía Liniers, Departamento Marcos Juárez, Córdoba, X2580, Argentina",-33.2831244,-62.1864037
ESPERANZA Nº 1,ARON CASTELLANOS NRO:655,ESPERANZA,3080,ARON CASTELLANOS,"ARON CASTELLANOS, ESPERANZA, Argentina",,,
GENERAL VILLEGAS,VIEYTES NRO:669,GENERAL VILLEGAS,6230,VIEYTES,"VIEYTES, GENERAL VILLEGAS, Argentina","Vieytes, Villa Ciclón, General Villegas, Partido de General Villegas, Buenos Aires, 6230, Argentina",-35.0365561,-63.0135388
CARLOS TEJEDOR,SAN MARTIN NRO:290,CARLOS TEJEDOR,6455,SAN MARTIN,"SAN MARTIN, CARLOS TEJEDOR, Argentina","San Martín, Norte, Carlos Tejedor, Partido de Carlos Tejedor, Buenos Aires, B6455, Argentina",-35.3930997,-62.4185509
UCACHA,CORDOBA NRO:13,UCACHA,2677,CORDOBA,"CORDOBA, UCACHA, Argentina","Córdoba, Ucacha, Municipio de Ucacha, Pedanía Chucul, Departamento Juárez Celman, Córdoba, X2670, Argentina",-33.0322655,-63.5037058
HENDERSON,AVDA. SAN MARTIN NRO:505,HENDERSON,6465,AVDA. SAN MARTIN,"AVDA. SAN MARTIN, HENDERSON, Argentina",,,
INTENDENTE ALVEAR,GRAL. URQUIZA NRO:1083,INTENDENTE ALVEAR,6221,GENERAL. URQUIZA,"GENERAL. URQUIZA, INTENDENTE ALVEAR, Argentina",,,
MERCEDES,BATALLA DE SALTA NRO:784,MERCEDES,3470,BATALLA DE SALTA,"BATALLA DE SALTA, MERCEDES, Argentina","Batalla de Salta, Barrio Castello, Municipio de Mercedes, Departamento Mercedes, Corrientes, 3470, Argentina",-29.1778421,-58.0685233
CONCEPCION DEL URUGUAY Nº 3,SAN MARTIN NRO:554,CONCEP. DEL URUGUAY,3260,SAN MARTIN,"SAN MARTIN, CONCEP. DEL URUGUAY, Argentina",,,
PORTEÑA,MANUEL BELGRANO NRO:540 PISO: DTO/OF:E,PORTENA,2415,MANUEL BELGRANO PISO: DEPARTAMENTO/:E,"MANUEL BELGRANO PISO: DEPARTAMENTO/:E, PORTENA, Argentina",,,
SAN IGNACIO,RIVADAVIA NRO:727,SAN IGNACIO,3322,RIVADAVIA,"RIVADAVIA, SAN IGNACIO, Argentina","Rivadavia, Barrio Centro, San Ignacio, Municipio de San Ignacio, Departamento San Ignacio, Misiones, 3322, Argentina",-27.2617844,-55.5417074
VEDIA,25 DE MAYO Y LAVALLE,VEDIA,6030,DE MAYO Y LAVALLE,"DE MAYO Y LAVALLE, VEDIA, Argentina",,,
TRES ISLETAS,AV. EX COMBATIENTES DE MALVINAS,TRES ISLETAS,3703,AVENIDA. EX COMBATIENTES DE MALVINAS,"AVENIDA. EX COMBATIENTES DE MALVINAS, TRES ISLETAS, Argentina",,,
SAN SALVADOR,HIPOLITO YRIGOYEN NRO:275,SAN SALVADOR,3218,HIPOLITO YRIGOYEN,"HIPOLITO YRIGOYEN, SAN SALVADOR, Argentina","Hipólito Yrigoyen, San Salvador, Ushuaia, Departamento Ushuaia, Tierra del Fuego, V9410, Argentina",-54.8266272,-68.3294408
TINTINA,AVDA. SAN MARTIN NRO:529,TINTINA,G3743BDB,AVDA. SAN MARTIN,"AVDA. SAN MARTIN, TINTINA, Argentina",,,
RECONQUISTA Nº 2,IRIONDO NRO:686,RECONQUISTA,3560,IRIONDO,"IRIONDO, RECONQUISTA, Argentina","Iriondo, Barrio Parque Industrial, Reconquista, Municipio de Reconquista, Departamento General Obligado, S3560, Argentina",-29.1455848,-59.661159
USHUAIA Nº 4,PUERTO ESPAÑOL NRO:810,USHUAIA,9410,PUERTO ESPAÑOL,"PUERTO ESPAÑOL, USHUAIA, Argentina","Puerto Español, Gaucho Rivero, Ushuaia, Departamento Ushuaia, Tierra del Fuego, 1257, Argentina",-54.8193121,-68.3368667
BUENA ESPERANZA,J. A GONZALEZ (PEDERNERA),BUENA ESPERANZA,6277,J. A GONZALEZ (PEDERNERA),"J. A GONZALEZ (PEDERNERA), BUENA ESPERANZA, Argentina",,,
CORRIENTES Nº 5,AV. ITALIA NRO:430,CORRIENTES,3400,AVENIDA. ITALIA,"AVENIDA. ITALIA, CORRIENTES, Argentina","Avenida Italia, Barrio La Rosada, Corrientes, Departamento Capital, Corrientes, W3400CEI, Argentina",-27.4617666,-58.8361963
SANTA MARIA,25 DE MAYO NRO:120,SANTA MARIA,4139,DE MAYO,"DE MAYO, SANTA MARIA, Argentina",,,
CHAÑÁR LADEADO,ALBERDI NRO:352,CHAÑAR LADEADO,2643,ALBERDI,"ALBERDI, CHAÑAR LADEADO, Argentina","Alberdi, Chañar Ladeado, Municipio de Chañar Ladeado, Departamento Caseros, Argentina",-33.3213277,-62.0398726
PUNTA ALTA Nº 1,BDO. DE IRIGOYEN NRO:49,PUNTA ALTA,8109,BDO. DE IRIGOYEN,"BDO. DE IRIGOYEN, PUNTA ALTA, Argentina",,,
CATAMARCA Nº 3,AV. COLON NRO:1185,CATAMARCA,4700,AVENIDA. COLON,"AVENIDA. COLON, CATAMARCA, Argentina","Avenida Colón, San Ramón, Villa Cubas, San Fernando del Valle de Catamarca, Municipio de San Fernando del Valle de Catamarca, Departamento Capital, Catamarca, K4700, Argentina",-28.4727303,-65.7883227
CORONEL PRINGLES,MORENO NRO:338,CORONEL PRINGLES,7530,MORENO,"MORENO, CORONEL PRINGLES, Argentina","Moreno, La Toma, Municipio de La Toma, Coronel Pringles, San Luis, 5750, Argentina",-33.0523424,-65.6157096
PUAN,HUMBERTO PRIMO NRO:321,PUAN,8180,HUMBERTO PRIMO,"HUMBERTO PRIMO, PUAN, Argentina","Humberto Primo, Centro, Puan, Cuartel I, Partido de Puan, Buenos Aires, B8180BGS, Argentina",-37.5461382,-62.7661603
ANDALGALA,MERCADO NRO:270,ANDALGALA,4740,MERCADO,"MERCADO, ANDALGALA, Argentina","Mercado, Barrio San Francisco de Asis, Andalgala, Municipio de Andalgalá, Departamento Andalgalá, Catamarca, K4740, Argentina",-27.5845072,-66.3154258
RIO COLORADO,JUAN B. JUSTO NRO:667,RIO COLORADO,8138,JUAN B. JUSTO,"JUAN B. JUSTO, RIO COLORADO, Argentina",,,
GUAMINI,FREYRE NRO:2,GUAMINI,6435,FREYRE,"FREYRE, GUAMINI, Argentina","Freyre, Villegas, Guaminí, Partido de Guaminí, Buenos Aires, 6435, Argentina",-37.0112737,-62.4227255
VICTORICA,CALLE 19 NRO:634,VICTORICA,6319,CALLE,"CALLE, VICTORICA, Argentina","Banco Nación, 698, Calle 17, Victorica, Municipio de Victorica, Departamento Loventué, La Pampa, L6319, Argentina",-36.2164612,-65.4383403
TINOGASTA,DR. ANTONIO DEL PINO NRO:481,TINOGASTA,5340,DR. ANTONIO DEL PINO,"DR. ANTONIO DEL PINO, TINOGASTA, Argentina","Antonio del Pino, Tinogasta, Municipio de Tinogasta, Departamento Tinogasta, Catamarca, K5340, Argentina",-28.0640574,-67.5662094
SANTA FE Nº 7 ,9 DE JULIO NRO:2279,SANTA FE,3000,DE JULIO,"DE JULIO, SANTA FE, Argentina",,,
NEUQUEN N° 6,AVDA. ARGENTINA NRO:480/4 PISO:2,NEUQUEN,8300,AVDA. ARGENTINA /,"AVDA. ARGENTINA /, NEUQUEN, Argentina","Avenida Argentina, Área Centro Este, Neuquén, Municipio de Neuquén, Departamento Confluencia, Neuquén, Q8300, Argentina",-38.9501604,-68.0589628
CAFAYATE,TUCUMAN NRO:382,SALTA CAPITAL,4400,TUCUMAN,"TUCUMAN, SALTA CAPITAL, Argentina","Tucumán, Barrio Hernando de Lerma, B. Hernando de Lerma, Salta, Capital, Salta, 4402, Argentina",-24.8001645,-65.409857
JUAN JOSE CASTELLI,AVDA. SAN MARTIN NRO:391,J.J. CASTELLI,3705,AVDA. SAN MARTIN,"AVDA. SAN MARTIN, J.J. CASTELLI, Argentina",,,
GENERAL PINTO,GRAL. VILLEGAS NRO:70,GRAL PINTO,6050,GENERAL. VILLEGAS,"GENERAL. VILLEGAS, GRAL PINTO, Argentina",,,
LAPRIDA,AV. SAN MARTIN NRO:1399,LAPRIDA,7414,AVENIDA. SAN MARTIN,"AVENIDA. SAN MARTIN, LAPRIDA, Argentina","Avenida San Martín, Policial, Laprida, Partido de Laprida, Buenos Aires, B7414BWW, Argentina",-37.552077,-60.8096174
GENERAL SAN MARTIN,PASO NRO:184,GRAL. SAN MARTIN,3509,PASO,"PASO, GRAL. SAN MARTIN, Argentina",,,
RIO GRANDE Nº 4,ESTRADA NRO:729,RIO GRANDE,V9420AXG,ESTRADA,"ESTRADA, RIO GRANDE, Argentina","José Manuel Estrada, Thorne, Centro, Río Grande, Municipio de Río Grande, Departamento Río Grande, Tierra del Fuego, 9420, Argentina",-53.7813668,-67.7005009
SAN JOSE DE FELICIANO,SARMIENTO NRO:128,S. JOSE DE FELICIANO,3187,SARMIENTO,"SARMIENTO, S. JOSE DE FELICIANO, Argentina","Sarmiento, Barrio Pompeya, San José de Feliciano, Municiplio de San José de Feliciano, Distrito Basualdo, Departamento Feliciano, E3187ZAA, Argentina",-30.3841765,-58.750652
CERES,SAN MARTIN Y RONDEAU,CERES,2340,SAN MARTIN Y RONDEAU,"SAN MARTIN Y RONDEAU, CERES, Argentina",,,
SAN LUIS Nº 4,AV. EJERCITO DE LOS ANDES NRO:575,SAN LUIS,5700,AVENIDA. EJERCITO DE LOS ANDES,"AVENIDA. EJERCITO DE LOS ANDES, SAN LUIS, Argentina","Avenida Ejército de los Andes, Zabala Ortiz, San Luis, Municipio de San Luis, Juan Martín de Pueyrredón, San Luis, D5702FJX, Argentina",-33.2904793,-66.3338659
SAN CAYETANO,AVDA. INDEPENDENCIA NRO:753,SAN CAYETANO,7521,AVDA. INDEPENDENCIA,"AVDA. INDEPENDENCIA, SAN CAYETANO, Argentina","33 - Avenida Independencia, San Cayetano, Partido de San Cayetano, Buenos Aires, B7521AFN, Argentina",-38.3432032,-59.604878
USHUAIA Nº 2,ROCA NRO:157 PISO:PB,USHUAIA,9410,ROCA PISO:PB,"ROCA PISO:PB, USHUAIA, Argentina",,,
ITUZAINGO Nº 2,POSADAS NRO:1267,ITUZAINGO,3302,POSADAS,"POSADAS, ITUZAINGO, Argentina","Posadas, Los Portones, Ituzaingó, Partido de Ituzaingó, Buenos Aires, B1714LVH, Argentina",-34.6497876,-58.6649504
NECOCHEA N° 3,DIAGONAL SAN MARTIN NRO:1226,NECOCHEA,7630,DIAGONAL SAN MARTIN,"DIAGONAL SAN MARTIN, NECOCHEA, Argentina","Diagonal San Martín, Necochea, Partido de Necochea, Buenos Aires, B7632FMF, Argentina",-38.575572,-58.7293878
SAN CRISTOBAL,CASEROS NRO:1157,SAN CRISTOBAL,3070,CASEROS,"CASEROS, SAN CRISTOBAL, Argentina","Caseros, Barrio José Dho, Municipio de San Cristóbal, Departamento San Cristóbal, S3070, Argentina",-30.3113326,-61.233784
SUARDI,BV. SAN MARTIN NRO:865,SUARDI,2349,BV. SAN MARTIN,"BV. SAN MARTIN, SUARDI, Argentina",,,
FLORENTINO AMEGHINO,CALLE 34 NRO:167,FLORENTINO AMEGHINO,6064,CALLE,"CALLE, FLORENTINO AMEGHINO, Argentina",,,
ESQUEL Nº 1,AV. ALVEAR NRO:937,ESQUEL,9200,AVENIDA. ALVEAR,"AVENIDA. ALVEAR, ESQUEL, Argentina","Avenida Alvear, Güemes, Esquel, Municipio de Esquel, Departamento Futaleufú, Chubut, U9200, Argentina",-42.9017062,-71.3079872
USHUAIA Nº 4,PUERTO ESPAÑOL NRO:810,USHUAIA,9410,PUERTO ESPAÑOL,"PUERTO ESPAÑOL, USHUAIA, Argentina","Puerto Español, Gaucho Rivero, Ushuaia, Departamento Ushuaia, Tierra del Fuego, 1257, Argentina",-54.8193121,-68.3368667
ITUZAINGO,POSADAS NRO:1267,ITUZAINGO,3302,POSADAS,"POSADAS, ITUZAINGO, Argentina","Posadas, Los Portones, Ituzaingó, Partido de Ituzaingó, Buenos Aires, B1714LVH, Argentina",-34.6497876,-58.6649504
LIB.GRAL.SAN MARTIN,AV.TILCARA NRO:280,LIB.GRAL.SAN MARTIN,4512,AVENIDATILCARA,"AVENIDATILCARA, LIB.GRAL.SAN MARTIN, Argentina",,,
FEDERAL,PARANA NRO:1190,FEDERAL,3180,PARANA,"PARANA, FEDERAL, Argentina","Paraná, Federal, Distrito Francisco Ramírez, Departamento Federal, E3180, Argentina",-30.9538349,-58.7785611
SELVA,SAN MARTIN NRO:232,SELVA,2354,SAN MARTIN,"SAN MARTIN, SELVA, Argentina","San Martín, Selva, Municipio de Selva, Departamento Rivadavia, Santiago del Estero, G2354, Argentina",-29.7686432,-62.0470845
RESISTENCIA Nº 5,JULIO A. ROCA NRO:256,RESISTENCIA,3500,JULIO A. ROCA,"JULIO A. ROCA, RESISTENCIA, Argentina",,,
CATAMARCA Nº 4 ,MAIPU NRO:437 PISO:1,CATAMARCA,4700,MAIPU,"MAIPU, CATAMARCA, Argentina","Maipú, La Tablada, San Fernando del Valle de Catamarca, Municipio de San Fernando del Valle de Catamarca, Departamento Capital, Catamarca, K4700, Argentina",-28.4824054,-65.7807894
TRENQUE LAUQUEN Nº 2 ,WILDE ENTRE GUTIERREZ Y SARGENTO CABRAL NRO:280,TRENQUE LAUQUEN,6400,WILDE,"WILDE, TRENQUE LAUQUEN, Argentina","Wilde, Circulo Cerrado, Trenque Lauquen, Partido de Trenque Lauquen, Buenos Aires, 6400, Argentina",-35.9648876,-62.7399082
TRENQUE LAUQUEN Nº 1,ROCA NRO:413,TRENQUE LAUQUEN,6400,ROCA,"ROCA, TRENQUE LAUQUEN, Argentina","Roca, Los Fresnos, Trenque Lauquen, Partido de Trenque Lauquen, Buenos Aires, 6400, Argentina",-35.9754062,-62.733623
CHAÑAR LADEADO,ALBERDI NRO:352,CHAÑAR LADEADO,2643,ALBERDI,"ALBERDI, CHAÑAR LADEADO, Argentina","Alberdi, Chañar Ladeado, Municipio de Chañar Ladeado, Departamento Caseros, Argentina",-33.3213277,-62.0398726
GENERAL LA MADRID,25 DE MAYO NRO:560,GENERAL LA MADRID,7406,DE MAYO,"DE MAYO, GENERAL LA MADRID, Argentina",,,
MAQUINCHAO,SARMIENTO,MAQUINCHAO,8422,SARMIENTO,"SARMIENTO, MAQUINCHAO, Argentina","Domingo Faustino Sarmiento, Maquinchao, Municipio de Maquinchao, Departamento Veinticinco de Mayo, Río Negro, 8422, Argentina",-41.2516959,-68.702458
JUNIN Nº 3,RIVADAVIA NRO:168,JUNIN,6000,RIVADAVIA,"RIVADAVIA, JUNIN, Argentina","Rivadavia, Santa Rosa del Conlara, Municipio de Santa Rosa del Conlara, Junín, San Luis, Argentina",-32.3448621,-65.1942859
